2026-02-09 04:47:41.059  INFO 33332 --- [restartedMain] com.meomulm.MeomulmBackendApplication    : Starting MeomulmBackendApplication using Java 21.0.8 with PID 33332 (/Users/svv/Downloads/full_stack/TeamProject/momum/meomulm-backend/build/classes/java/main started by svv in /Users/svv/Downloads/full_stack/TeamProject/momum/meomulm-backend)
2026-02-09 04:47:41.060  INFO 33332 --- [restartedMain] com.meomulm.MeomulmBackendApplication    : No active profile set, falling back to 1 default profile: "default"
2026-02-09 04:47:41.093  INFO 33332 --- [restartedMain] .e.DevToolsPropertyDefaultsPostProcessor : Devtools property defaults active! Set 'spring.devtools.add-properties' to 'false' to disable
2026-02-09 04:47:41.093  INFO 33332 --- [restartedMain] .e.DevToolsPropertyDefaultsPostProcessor : For additional web related logging consider setting the 'logging.level.web' property to 'DEBUG'
2026-02-09 04:47:42.048  INFO 33332 --- [restartedMain] o.s.b.w.embedded.tomcat.TomcatWebServer  : Tomcat initialized with port 8080 (http)
2026-02-09 04:47:42.066  INFO 33332 --- [restartedMain] o.apache.catalina.core.StandardService   : Starting service [Tomcat]
2026-02-09 04:47:42.067  INFO 33332 --- [restartedMain] o.apache.catalina.core.StandardEngine    : Starting Servlet engine: [Apache Tomcat/10.1.17]
2026-02-09 04:47:42.091  INFO 33332 --- [restartedMain] o.a.c.c.C.[Tomcat].[localhost].[/]       : Initializing Spring embedded WebApplicationContext
2026-02-09 04:47:42.091  INFO 33332 --- [restartedMain] w.s.c.ServletWebServerApplicationContext : Root WebApplicationContext: initialization completed in 998 ms
2026-02-09 04:47:42.422  WARN 33332 --- [restartedMain] ConfigServletWebServerApplicationContext : Exception encountered during context initialization - cancelling refresh attempt: org.springframework.beans.factory.UnsatisfiedDependencyException: Error creating bean with name 'chatController' defined in file [/Users/svv/Downloads/full_stack/TeamProject/momum/meomulm-backend/build/classes/java/main/com/meomulm/chat/controller/ChatController.class]: Unsatisfied dependency expressed through constructor parameter 1: Error creating bean with name 'chatServiceImpl' defined in file [/Users/svv/Downloads/full_stack/TeamProject/momum/meomulm-backend/build/classes/java/main/com/meomulm/chat/model/service/ChatServiceImpl.class]: Unsatisfied dependency expressed through constructor parameter 2: Error creating bean with name 'geminiService': Injection of autowired dependencies failed
2026-02-09 04:47:42.423  INFO 33332 --- [restartedMain] o.apache.catalina.core.StandardService   : Stopping service [Tomcat]
2026-02-09 04:47:42.438  INFO 33332 --- [restartedMain] .s.b.a.l.ConditionEvaluationReportLogger : 

Error starting ApplicationContext. To display the condition evaluation report re-run your application with 'debug' enabled.
2026-02-09 04:47:42.460 ERROR 33332 --- [restartedMain] o.s.boot.SpringApplication               : Application run failed

org.springframework.beans.factory.UnsatisfiedDependencyException: Error creating bean with name 'chatController' defined in file [/Users/svv/Downloads/full_stack/TeamProject/momum/meomulm-backend/build/classes/java/main/com/meomulm/chat/controller/ChatController.class]: Unsatisfied dependency expressed through constructor parameter 1: Error creating bean with name 'chatServiceImpl' defined in file [/Users/svv/Downloads/full_stack/TeamProject/momum/meomulm-backend/build/classes/java/main/com/meomulm/chat/model/service/ChatServiceImpl.class]: Unsatisfied dependency expressed through constructor parameter 2: Error creating bean with name 'geminiService': Injection of autowired dependencies failed
	at org.springframework.beans.factory.support.ConstructorResolver.createArgumentArray(ConstructorResolver.java:802)
	at org.springframework.beans.factory.support.ConstructorResolver.autowireConstructor(ConstructorResolver.java:241)
	at org.springframework.beans.factory.support.AbstractAutowireCapableBeanFactory.autowireConstructor(AbstractAutowireCapableBeanFactory.java:1354)
	at org.springframework.beans.factory.support.AbstractAutowireCapableBeanFactory.createBeanInstance(AbstractAutowireCapableBeanFactory.java:1191)
	at org.springframework.beans.factory.support.AbstractAutowireCapableBeanFactory.doCreateBean(AbstractAutowireCapableBeanFactory.java:561)
	at org.springframework.beans.factory.support.AbstractAutowireCapableBeanFactory.createBean(AbstractAutowireCapableBeanFactory.java:521)
	at org.springframework.beans.factory.support.AbstractBeanFactory.lambda$doGetBean$0(AbstractBeanFactory.java:325)
	at org.springframework.beans.factory.support.DefaultSingletonBeanRegistry.getSingleton(DefaultSingletonBeanRegistry.java:234)
	at org.springframework.beans.factory.support.AbstractBeanFactory.doGetBean(AbstractBeanFactory.java:323)
	at org.springframework.beans.factory.support.AbstractBeanFactory.getBean(AbstractBeanFactory.java:199)
	at org.springframework.beans.factory.support.DefaultListableBeanFactory.preInstantiateSingletons(DefaultListableBeanFactory.java:975)
	at org.springframework.context.support.AbstractApplicationContext.finishBeanFactoryInitialization(AbstractApplicationContext.java:960)
	at org.springframework.context.support.AbstractApplicationContext.refresh(AbstractApplicationContext.java:625)
	at org.springframework.boot.web.servlet.context.ServletWebServerApplicationContext.refresh(ServletWebServerApplicationContext.java:146)
	at org.springframework.boot.SpringApplication.refresh(SpringApplication.java:762)
	at org.springframework.boot.SpringApplication.refreshContext(SpringApplication.java:464)
	at org.springframework.boot.SpringApplication.run(SpringApplication.java:334)
	at org.springframework.boot.SpringApplication.run(SpringApplication.java:1358)
	at org.springframework.boot.SpringApplication.run(SpringApplication.java:1347)
	at com.meomulm.MeomulmBackendApplication.main(MeomulmBackendApplication.java:12)
	at java.base/jdk.internal.reflect.DirectMethodHandleAccessor.invoke(DirectMethodHandleAccessor.java:103)
	at java.base/java.lang.reflect.Method.invoke(Method.java:580)
	at org.springframework.boot.devtools.restart.RestartLauncher.run(RestartLauncher.java:50)
Caused by: org.springframework.beans.factory.UnsatisfiedDependencyException: Error creating bean with name 'chatServiceImpl' defined in file [/Users/svv/Downloads/full_stack/TeamProject/momum/meomulm-backend/build/classes/java/main/com/meomulm/chat/model/service/ChatServiceImpl.class]: Unsatisfied dependency expressed through constructor parameter 2: Error creating bean with name 'geminiService': Injection of autowired dependencies failed
	at org.springframework.beans.factory.support.ConstructorResolver.createArgumentArray(ConstructorResolver.java:802)
	at org.springframework.beans.factory.support.ConstructorResolver.autowireConstructor(ConstructorResolver.java:241)
	at org.springframework.beans.factory.support.AbstractAutowireCapableBeanFactory.autowireConstructor(AbstractAutowireCapableBeanFactory.java:1354)
	at org.springframework.beans.factory.support.AbstractAutowireCapableBeanFactory.createBeanInstance(AbstractAutowireCapableBeanFactory.java:1191)
	at org.springframework.beans.factory.support.AbstractAutowireCapableBeanFactory.doCreateBean(AbstractAutowireCapableBeanFactory.java:561)
	at org.springframework.beans.factory.support.AbstractAutowireCapableBeanFactory.createBean(AbstractAutowireCapableBeanFactory.java:521)
	at org.springframework.beans.factory.support.AbstractBeanFactory.lambda$doGetBean$0(AbstractBeanFactory.java:325)
	at org.springframework.beans.factory.support.DefaultSingletonBeanRegistry.getSingleton(DefaultSingletonBeanRegistry.java:234)
	at org.springframework.beans.factory.support.AbstractBeanFactory.doGetBean(AbstractBeanFactory.java:323)
	at org.springframework.beans.factory.support.AbstractBeanFactory.getBean(AbstractBeanFactory.java:199)
	at org.springframework.beans.factory.config.DependencyDescriptor.resolveCandidate(DependencyDescriptor.java:254)
	at org.springframework.beans.factory.support.DefaultListableBeanFactory.doResolveDependency(DefaultListableBeanFactory.java:1443)
	at org.springframework.beans.factory.support.DefaultListableBeanFactory.resolveDependency(DefaultListableBeanFactory.java:1353)
	at org.springframework.beans.factory.support.ConstructorResolver.resolveAutowiredArgument(ConstructorResolver.java:911)
	at org.springframework.beans.factory.support.ConstructorResolver.createArgumentArray(ConstructorResolver.java:789)
	... 22 common frames omitted
Caused by: org.springframework.beans.factory.BeanCreationException: Error creating bean with name 'geminiService': Injection of autowired dependencies failed
	at org.springframework.beans.factory.annotation.AutowiredAnnotationBeanPostProcessor.postProcessProperties(AutowiredAnnotationBeanPostProcessor.java:514)
	at org.springframework.beans.factory.support.AbstractAutowireCapableBeanFactory.populateBean(AbstractAutowireCapableBeanFactory.java:1418)
	at org.springframework.beans.factory.support.AbstractAutowireCapableBeanFactory.doCreateBean(AbstractAutowireCapableBeanFactory.java:598)
	at org.springframework.beans.factory.support.AbstractAutowireCapableBeanFactory.createBean(AbstractAutowireCapableBeanFactory.java:521)
	at org.springframework.beans.factory.support.AbstractBeanFactory.lambda$doGetBean$0(AbstractBeanFactory.java:325)
	at org.springframework.beans.factory.support.DefaultSingletonBeanRegistry.getSingleton(DefaultSingletonBeanRegistry.java:234)
	at org.springframework.beans.factory.support.AbstractBeanFactory.doGetBean(AbstractBeanFactory.java:323)
	at org.springframework.beans.factory.support.AbstractBeanFactory.getBean(AbstractBeanFactory.java:199)
	at org.springframework.beans.factory.config.DependencyDescriptor.resolveCandidate(DependencyDescriptor.java:254)
	at org.springframework.beans.factory.support.DefaultListableBeanFactory.doResolveDependency(DefaultListableBeanFactory.java:1443)
	at org.springframework.beans.factory.support.DefaultListableBeanFactory.resolveDependency(DefaultListableBeanFactory.java:1353)
	at org.springframework.beans.factory.support.ConstructorResolver.resolveAutowiredArgument(ConstructorResolver.java:911)
	at org.springframework.beans.factory.support.ConstructorResolver.createArgumentArray(ConstructorResolver.java:789)
	... 36 common frames omitted
Caused by: java.lang.IllegalArgumentException: Could not resolve placeholder 'GEMINI_API_KEY' in value "${GEMINI_API_KEY}"
	at org.springframework.util.PropertyPlaceholderHelper.parseStringValue(PropertyPlaceholderHelper.java:180)
	at org.springframework.util.PropertyPlaceholderHelper.replacePlaceholders(PropertyPlaceholderHelper.java:126)
	at org.springframework.core.env.AbstractPropertyResolver.doResolvePlaceholders(AbstractPropertyResolver.java:239)
	at org.springframework.core.env.AbstractPropertyResolver.resolveRequiredPlaceholders(AbstractPropertyResolver.java:210)
	at org.springframework.core.env.AbstractPropertyResolver.resolveNestedPlaceholders(AbstractPropertyResolver.java:230)
	at org.springframework.boot.context.properties.source.ConfigurationPropertySourcesPropertyResolver.getProperty(ConfigurationPropertySourcesPropertyResolver.java:79)
	at org.springframework.boot.context.properties.source.ConfigurationPropertySourcesPropertyResolver.getProperty(ConfigurationPropertySourcesPropertyResolver.java:60)
	at org.springframework.core.env.AbstractEnvironment.getProperty(AbstractEnvironment.java:552)
	at org.springframework.context.support.PropertySourcesPlaceholderConfigurer$1.getProperty(PropertySourcesPlaceholderConfigurer.java:153)
	at org.springframework.context.support.PropertySourcesPlaceholderConfigurer$1.getProperty(PropertySourcesPlaceholderConfigurer.java:149)
	at org.springframework.core.env.PropertySourcesPropertyResolver.getProperty(PropertySourcesPropertyResolver.java:85)
	at org.springframework.core.env.PropertySourcesPropertyResolver.getPropertyAsRawString(PropertySourcesPropertyResolver.java:74)
	at org.springframework.util.PropertyPlaceholderHelper.parseStringValue(PropertyPlaceholderHelper.java:153)
	at org.springframework.util.PropertyPlaceholderHelper.replacePlaceholders(PropertyPlaceholderHelper.java:126)
	at org.springframework.core.env.AbstractPropertyResolver.doResolvePlaceholders(AbstractPropertyResolver.java:239)
	at org.springframework.core.env.AbstractPropertyResolver.resolveRequiredPlaceholders(AbstractPropertyResolver.java:210)
	at org.springframework.context.support.PropertySourcesPlaceholderConfigurer.lambda$processProperties$0(PropertySourcesPlaceholderConfigurer.java:200)
	at org.springframework.beans.factory.support.AbstractBeanFactory.resolveEmbeddedValue(AbstractBeanFactory.java:921)
	at org.springframework.beans.factory.support.DefaultListableBeanFactory.doResolveDependency(DefaultListableBeanFactory.java:1374)
	at org.springframework.beans.factory.support.DefaultListableBeanFactory.resolveDependency(DefaultListableBeanFactory.java:1353)
	at org.springframework.beans.factory.annotation.AutowiredAnnotationBeanPostProcessor$AutowiredFieldElement.resolveFieldValue(AutowiredAnnotationBeanPostProcessor.java:784)
	at org.springframework.beans.factory.annotation.AutowiredAnnotationBeanPostProcessor$AutowiredFieldElement.inject(AutowiredAnnotationBeanPostProcessor.java:767)
	at org.springframework.beans.factory.annotation.InjectionMetadata.inject(InjectionMetadata.java:145)
	at org.springframework.beans.factory.annotation.AutowiredAnnotationBeanPostProcessor.postProcessProperties(AutowiredAnnotationBeanPostProcessor.java:508)
	... 48 common frames omitted

2026-02-09 05:18:54.654  INFO 34608 --- [restartedMain] com.meomulm.MeomulmBackendApplication    : Starting MeomulmBackendApplication using Java 21.0.8 with PID 34608 (/Users/svv/Downloads/full_stack/TeamProject/momum/meomulm-backend/build/classes/java/main started by svv in /Users/svv/Downloads/full_stack/TeamProject/momum/meomulm-backend)
2026-02-09 05:18:54.654  INFO 34608 --- [restartedMain] com.meomulm.MeomulmBackendApplication    : No active profile set, falling back to 1 default profile: "default"
2026-02-09 05:18:54.676  INFO 34608 --- [restartedMain] .e.DevToolsPropertyDefaultsPostProcessor : Devtools property defaults active! Set 'spring.devtools.add-properties' to 'false' to disable
2026-02-09 05:18:54.676  INFO 34608 --- [restartedMain] .e.DevToolsPropertyDefaultsPostProcessor : For additional web related logging consider setting the 'logging.level.web' property to 'DEBUG'
2026-02-09 05:18:55.318  INFO 34608 --- [restartedMain] o.s.b.w.embedded.tomcat.TomcatWebServer  : Tomcat initialized with port 8080 (http)
2026-02-09 05:18:55.323  INFO 34608 --- [restartedMain] o.apache.catalina.core.StandardService   : Starting service [Tomcat]
2026-02-09 05:18:55.324  INFO 34608 --- [restartedMain] o.apache.catalina.core.StandardEngine    : Starting Servlet engine: [Apache Tomcat/10.1.17]
2026-02-09 05:18:55.338  INFO 34608 --- [restartedMain] o.a.c.c.C.[Tomcat].[localhost].[/]       : Initializing Spring embedded WebApplicationContext
2026-02-09 05:18:55.338  INFO 34608 --- [restartedMain] w.s.c.ServletWebServerApplicationContext : Root WebApplicationContext: initialization completed in 661 ms
2026-02-09 05:18:55.527  WARN 34608 --- [restartedMain] ConfigServletWebServerApplicationContext : Exception encountered during context initialization - cancelling refresh attempt: org.springframework.beans.factory.UnsatisfiedDependencyException: Error creating bean with name 'chatController' defined in file [/Users/svv/Downloads/full_stack/TeamProject/momum/meomulm-backend/build/classes/java/main/com/meomulm/chat/controller/ChatController.class]: Unsatisfied dependency expressed through constructor parameter 1: Error creating bean with name 'chatServiceImpl' defined in file [/Users/svv/Downloads/full_stack/TeamProject/momum/meomulm-backend/build/classes/java/main/com/meomulm/chat/model/service/ChatServiceImpl.class]: Unsatisfied dependency expressed through constructor parameter 2: Error creating bean with name 'geminiService': Injection of autowired dependencies failed
2026-02-09 05:18:55.528  INFO 34608 --- [restartedMain] o.apache.catalina.core.StandardService   : Stopping service [Tomcat]
2026-02-09 05:18:55.534  INFO 34608 --- [restartedMain] .s.b.a.l.ConditionEvaluationReportLogger : 

Error starting ApplicationContext. To display the condition evaluation report re-run your application with 'debug' enabled.
2026-02-09 05:18:55.542 ERROR 34608 --- [restartedMain] o.s.boot.SpringApplication               : Application run failed

org.springframework.beans.factory.UnsatisfiedDependencyException: Error creating bean with name 'chatController' defined in file [/Users/svv/Downloads/full_stack/TeamProject/momum/meomulm-backend/build/classes/java/main/com/meomulm/chat/controller/ChatController.class]: Unsatisfied dependency expressed through constructor parameter 1: Error creating bean with name 'chatServiceImpl' defined in file [/Users/svv/Downloads/full_stack/TeamProject/momum/meomulm-backend/build/classes/java/main/com/meomulm/chat/model/service/ChatServiceImpl.class]: Unsatisfied dependency expressed through constructor parameter 2: Error creating bean with name 'geminiService': Injection of autowired dependencies failed
	at org.springframework.beans.factory.support.ConstructorResolver.createArgumentArray(ConstructorResolver.java:802)
	at org.springframework.beans.factory.support.ConstructorResolver.autowireConstructor(ConstructorResolver.java:241)
	at org.springframework.beans.factory.support.AbstractAutowireCapableBeanFactory.autowireConstructor(AbstractAutowireCapableBeanFactory.java:1354)
	at org.springframework.beans.factory.support.AbstractAutowireCapableBeanFactory.createBeanInstance(AbstractAutowireCapableBeanFactory.java:1191)
	at org.springframework.beans.factory.support.AbstractAutowireCapableBeanFactory.doCreateBean(AbstractAutowireCapableBeanFactory.java:561)
	at org.springframework.beans.factory.support.AbstractAutowireCapableBeanFactory.createBean(AbstractAutowireCapableBeanFactory.java:521)
	at org.springframework.beans.factory.support.AbstractBeanFactory.lambda$doGetBean$0(AbstractBeanFactory.java:325)
	at org.springframework.beans.factory.support.DefaultSingletonBeanRegistry.getSingleton(DefaultSingletonBeanRegistry.java:234)
	at org.springframework.beans.factory.support.AbstractBeanFactory.doGetBean(AbstractBeanFactory.java:323)
	at org.springframework.beans.factory.support.AbstractBeanFactory.getBean(AbstractBeanFactory.java:199)
	at org.springframework.beans.factory.support.DefaultListableBeanFactory.preInstantiateSingletons(DefaultListableBeanFactory.java:975)
	at org.springframework.context.support.AbstractApplicationContext.finishBeanFactoryInitialization(AbstractApplicationContext.java:960)
	at org.springframework.context.support.AbstractApplicationContext.refresh(AbstractApplicationContext.java:625)
	at org.springframework.boot.web.servlet.context.ServletWebServerApplicationContext.refresh(ServletWebServerApplicationContext.java:146)
	at org.springframework.boot.SpringApplication.refresh(SpringApplication.java:762)
	at org.springframework.boot.SpringApplication.refreshContext(SpringApplication.java:464)
	at org.springframework.boot.SpringApplication.run(SpringApplication.java:334)
	at org.springframework.boot.SpringApplication.run(SpringApplication.java:1358)
	at org.springframework.boot.SpringApplication.run(SpringApplication.java:1347)
	at com.meomulm.MeomulmBackendApplication.main(MeomulmBackendApplication.java:12)
	at java.base/jdk.internal.reflect.DirectMethodHandleAccessor.invoke(DirectMethodHandleAccessor.java:103)
	at java.base/java.lang.reflect.Method.invoke(Method.java:580)
	at org.springframework.boot.devtools.restart.RestartLauncher.run(RestartLauncher.java:50)
Caused by: org.springframework.beans.factory.UnsatisfiedDependencyException: Error creating bean with name 'chatServiceImpl' defined in file [/Users/svv/Downloads/full_stack/TeamProject/momum/meomulm-backend/build/classes/java/main/com/meomulm/chat/model/service/ChatServiceImpl.class]: Unsatisfied dependency expressed through constructor parameter 2: Error creating bean with name 'geminiService': Injection of autowired dependencies failed
	at org.springframework.beans.factory.support.ConstructorResolver.createArgumentArray(ConstructorResolver.java:802)
	at org.springframework.beans.factory.support.ConstructorResolver.autowireConstructor(ConstructorResolver.java:241)
	at org.springframework.beans.factory.support.AbstractAutowireCapableBeanFactory.autowireConstructor(AbstractAutowireCapableBeanFactory.java:1354)
	at org.springframework.beans.factory.support.AbstractAutowireCapableBeanFactory.createBeanInstance(AbstractAutowireCapableBeanFactory.java:1191)
	at org.springframework.beans.factory.support.AbstractAutowireCapableBeanFactory.doCreateBean(AbstractAutowireCapableBeanFactory.java:561)
	at org.springframework.beans.factory.support.AbstractAutowireCapableBeanFactory.createBean(AbstractAutowireCapableBeanFactory.java:521)
	at org.springframework.beans.factory.support.AbstractBeanFactory.lambda$doGetBean$0(AbstractBeanFactory.java:325)
	at org.springframework.beans.factory.support.DefaultSingletonBeanRegistry.getSingleton(DefaultSingletonBeanRegistry.java:234)
	at org.springframework.beans.factory.support.AbstractBeanFactory.doGetBean(AbstractBeanFactory.java:323)
	at org.springframework.beans.factory.support.AbstractBeanFactory.getBean(AbstractBeanFactory.java:199)
	at org.springframework.beans.factory.config.DependencyDescriptor.resolveCandidate(DependencyDescriptor.java:254)
	at org.springframework.beans.factory.support.DefaultListableBeanFactory.doResolveDependency(DefaultListableBeanFactory.java:1443)
	at org.springframework.beans.factory.support.DefaultListableBeanFactory.resolveDependency(DefaultListableBeanFactory.java:1353)
	at org.springframework.beans.factory.support.ConstructorResolver.resolveAutowiredArgument(ConstructorResolver.java:911)
	at org.springframework.beans.factory.support.ConstructorResolver.createArgumentArray(ConstructorResolver.java:789)
	... 22 common frames omitted
Caused by: org.springframework.beans.factory.BeanCreationException: Error creating bean with name 'geminiService': Injection of autowired dependencies failed
	at org.springframework.beans.factory.annotation.AutowiredAnnotationBeanPostProcessor.postProcessProperties(AutowiredAnnotationBeanPostProcessor.java:514)
	at org.springframework.beans.factory.support.AbstractAutowireCapableBeanFactory.populateBean(AbstractAutowireCapableBeanFactory.java:1418)
	at org.springframework.beans.factory.support.AbstractAutowireCapableBeanFactory.doCreateBean(AbstractAutowireCapableBeanFactory.java:598)
	at org.springframework.beans.factory.support.AbstractAutowireCapableBeanFactory.createBean(AbstractAutowireCapableBeanFactory.java:521)
	at org.springframework.beans.factory.support.AbstractBeanFactory.lambda$doGetBean$0(AbstractBeanFactory.java:325)
	at org.springframework.beans.factory.support.DefaultSingletonBeanRegistry.getSingleton(DefaultSingletonBeanRegistry.java:234)
	at org.springframework.beans.factory.support.AbstractBeanFactory.doGetBean(AbstractBeanFactory.java:323)
	at org.springframework.beans.factory.support.AbstractBeanFactory.getBean(AbstractBeanFactory.java:199)
	at org.springframework.beans.factory.config.DependencyDescriptor.resolveCandidate(DependencyDescriptor.java:254)
	at org.springframework.beans.factory.support.DefaultListableBeanFactory.doResolveDependency(DefaultListableBeanFactory.java:1443)
	at org.springframework.beans.factory.support.DefaultListableBeanFactory.resolveDependency(DefaultListableBeanFactory.java:1353)
	at org.springframework.beans.factory.support.ConstructorResolver.resolveAutowiredArgument(ConstructorResolver.java:911)
	at org.springframework.beans.factory.support.ConstructorResolver.createArgumentArray(ConstructorResolver.java:789)
	... 36 common frames omitted
Caused by: java.lang.IllegalArgumentException: Could not resolve placeholder 'GEMINI_API_KEY' in value "${GEMINI_API_KEY}"
	at org.springframework.util.PropertyPlaceholderHelper.parseStringValue(PropertyPlaceholderHelper.java:180)
	at org.springframework.util.PropertyPlaceholderHelper.replacePlaceholders(PropertyPlaceholderHelper.java:126)
	at org.springframework.core.env.AbstractPropertyResolver.doResolvePlaceholders(AbstractPropertyResolver.java:239)
	at org.springframework.core.env.AbstractPropertyResolver.resolveRequiredPlaceholders(AbstractPropertyResolver.java:210)
	at org.springframework.core.env.AbstractPropertyResolver.resolveNestedPlaceholders(AbstractPropertyResolver.java:230)
	at org.springframework.boot.context.properties.source.ConfigurationPropertySourcesPropertyResolver.getProperty(ConfigurationPropertySourcesPropertyResolver.java:79)
	at org.springframework.boot.context.properties.source.ConfigurationPropertySourcesPropertyResolver.getProperty(ConfigurationPropertySourcesPropertyResolver.java:60)
	at org.springframework.core.env.AbstractEnvironment.getProperty(AbstractEnvironment.java:552)
	at org.springframework.context.support.PropertySourcesPlaceholderConfigurer$1.getProperty(PropertySourcesPlaceholderConfigurer.java:153)
	at org.springframework.context.support.PropertySourcesPlaceholderConfigurer$1.getProperty(PropertySourcesPlaceholderConfigurer.java:149)
	at org.springframework.core.env.PropertySourcesPropertyResolver.getProperty(PropertySourcesPropertyResolver.java:85)
	at org.springframework.core.env.PropertySourcesPropertyResolver.getPropertyAsRawString(PropertySourcesPropertyResolver.java:74)
	at org.springframework.util.PropertyPlaceholderHelper.parseStringValue(PropertyPlaceholderHelper.java:153)
	at org.springframework.util.PropertyPlaceholderHelper.replacePlaceholders(PropertyPlaceholderHelper.java:126)
	at org.springframework.core.env.AbstractPropertyResolver.doResolvePlaceholders(AbstractPropertyResolver.java:239)
	at org.springframework.core.env.AbstractPropertyResolver.resolveRequiredPlaceholders(AbstractPropertyResolver.java:210)
	at org.springframework.context.support.PropertySourcesPlaceholderConfigurer.lambda$processProperties$0(PropertySourcesPlaceholderConfigurer.java:200)
	at org.springframework.beans.factory.support.AbstractBeanFactory.resolveEmbeddedValue(AbstractBeanFactory.java:921)
	at org.springframework.beans.factory.support.DefaultListableBeanFactory.doResolveDependency(DefaultListableBeanFactory.java:1374)
	at org.springframework.beans.factory.support.DefaultListableBeanFactory.resolveDependency(DefaultListableBeanFactory.java:1353)
	at org.springframework.beans.factory.annotation.AutowiredAnnotationBeanPostProcessor$AutowiredFieldElement.resolveFieldValue(AutowiredAnnotationBeanPostProcessor.java:784)
	at org.springframework.beans.factory.annotation.AutowiredAnnotationBeanPostProcessor$AutowiredFieldElement.inject(AutowiredAnnotationBeanPostProcessor.java:767)
	at org.springframework.beans.factory.annotation.InjectionMetadata.inject(InjectionMetadata.java:145)
	at org.springframework.beans.factory.annotation.AutowiredAnnotationBeanPostProcessor.postProcessProperties(AutowiredAnnotationBeanPostProcessor.java:508)
	... 48 common frames omitted

2026-02-09 05:19:30.142  INFO 34666 --- [restartedMain] com.meomulm.MeomulmBackendApplication    : Starting MeomulmBackendApplication using Java 21.0.8 with PID 34666 (/Users/svv/Downloads/full_stack/TeamProject/momum/meomulm-backend/build/classes/java/main started by svv in /Users/svv/Downloads/full_stack/TeamProject/momum/meomulm-backend)
2026-02-09 05:19:30.143  INFO 34666 --- [restartedMain] com.meomulm.MeomulmBackendApplication    : No active profile set, falling back to 1 default profile: "default"
2026-02-09 05:19:30.162  INFO 34666 --- [restartedMain] .e.DevToolsPropertyDefaultsPostProcessor : Devtools property defaults active! Set 'spring.devtools.add-properties' to 'false' to disable
2026-02-09 05:19:30.162  INFO 34666 --- [restartedMain] .e.DevToolsPropertyDefaultsPostProcessor : For additional web related logging consider setting the 'logging.level.web' property to 'DEBUG'
2026-02-09 05:19:30.912  INFO 34666 --- [restartedMain] o.s.b.w.embedded.tomcat.TomcatWebServer  : Tomcat initialized with port 8080 (http)
2026-02-09 05:19:30.917  INFO 34666 --- [restartedMain] o.apache.catalina.core.StandardService   : Starting service [Tomcat]
2026-02-09 05:19:30.917  INFO 34666 --- [restartedMain] o.apache.catalina.core.StandardEngine    : Starting Servlet engine: [Apache Tomcat/10.1.17]
2026-02-09 05:19:30.933  INFO 34666 --- [restartedMain] o.a.c.c.C.[Tomcat].[localhost].[/]       : Initializing Spring embedded WebApplicationContext
2026-02-09 05:19:30.933  INFO 34666 --- [restartedMain] w.s.c.ServletWebServerApplicationContext : Root WebApplicationContext: initialization completed in 771 ms
2026-02-09 05:19:31.123  WARN 34666 --- [restartedMain] ConfigServletWebServerApplicationContext : Exception encountered during context initialization - cancelling refresh attempt: org.springframework.beans.factory.UnsatisfiedDependencyException: Error creating bean with name 'chatController' defined in file [/Users/svv/Downloads/full_stack/TeamProject/momum/meomulm-backend/build/classes/java/main/com/meomulm/chat/controller/ChatController.class]: Unsatisfied dependency expressed through constructor parameter 1: Error creating bean with name 'chatServiceImpl' defined in file [/Users/svv/Downloads/full_stack/TeamProject/momum/meomulm-backend/build/classes/java/main/com/meomulm/chat/model/service/ChatServiceImpl.class]: Unsatisfied dependency expressed through constructor parameter 2: Error creating bean with name 'geminiService': Injection of autowired dependencies failed
2026-02-09 05:19:31.125  INFO 34666 --- [restartedMain] o.apache.catalina.core.StandardService   : Stopping service [Tomcat]
2026-02-09 05:19:31.132  INFO 34666 --- [restartedMain] .s.b.a.l.ConditionEvaluationReportLogger : 

Error starting ApplicationContext. To display the condition evaluation report re-run your application with 'debug' enabled.
2026-02-09 05:19:31.147 ERROR 34666 --- [restartedMain] o.s.boot.SpringApplication               : Application run failed

org.springframework.beans.factory.UnsatisfiedDependencyException: Error creating bean with name 'chatController' defined in file [/Users/svv/Downloads/full_stack/TeamProject/momum/meomulm-backend/build/classes/java/main/com/meomulm/chat/controller/ChatController.class]: Unsatisfied dependency expressed through constructor parameter 1: Error creating bean with name 'chatServiceImpl' defined in file [/Users/svv/Downloads/full_stack/TeamProject/momum/meomulm-backend/build/classes/java/main/com/meomulm/chat/model/service/ChatServiceImpl.class]: Unsatisfied dependency expressed through constructor parameter 2: Error creating bean with name 'geminiService': Injection of autowired dependencies failed
	at org.springframework.beans.factory.support.ConstructorResolver.createArgumentArray(ConstructorResolver.java:802)
	at org.springframework.beans.factory.support.ConstructorResolver.autowireConstructor(ConstructorResolver.java:241)
	at org.springframework.beans.factory.support.AbstractAutowireCapableBeanFactory.autowireConstructor(AbstractAutowireCapableBeanFactory.java:1354)
	at org.springframework.beans.factory.support.AbstractAutowireCapableBeanFactory.createBeanInstance(AbstractAutowireCapableBeanFactory.java:1191)
	at org.springframework.beans.factory.support.AbstractAutowireCapableBeanFactory.doCreateBean(AbstractAutowireCapableBeanFactory.java:561)
	at org.springframework.beans.factory.support.AbstractAutowireCapableBeanFactory.createBean(AbstractAutowireCapableBeanFactory.java:521)
	at org.springframework.beans.factory.support.AbstractBeanFactory.lambda$doGetBean$0(AbstractBeanFactory.java:325)
	at org.springframework.beans.factory.support.DefaultSingletonBeanRegistry.getSingleton(DefaultSingletonBeanRegistry.java:234)
	at org.springframework.beans.factory.support.AbstractBeanFactory.doGetBean(AbstractBeanFactory.java:323)
	at org.springframework.beans.factory.support.AbstractBeanFactory.getBean(AbstractBeanFactory.java:199)
	at org.springframework.beans.factory.support.DefaultListableBeanFactory.preInstantiateSingletons(DefaultListableBeanFactory.java:975)
	at org.springframework.context.support.AbstractApplicationContext.finishBeanFactoryInitialization(AbstractApplicationContext.java:960)
	at org.springframework.context.support.AbstractApplicationContext.refresh(AbstractApplicationContext.java:625)
	at org.springframework.boot.web.servlet.context.ServletWebServerApplicationContext.refresh(ServletWebServerApplicationContext.java:146)
	at org.springframework.boot.SpringApplication.refresh(SpringApplication.java:762)
	at org.springframework.boot.SpringApplication.refreshContext(SpringApplication.java:464)
	at org.springframework.boot.SpringApplication.run(SpringApplication.java:334)
	at org.springframework.boot.SpringApplication.run(SpringApplication.java:1358)
	at org.springframework.boot.SpringApplication.run(SpringApplication.java:1347)
	at com.meomulm.MeomulmBackendApplication.main(MeomulmBackendApplication.java:12)
	at java.base/jdk.internal.reflect.DirectMethodHandleAccessor.invoke(DirectMethodHandleAccessor.java:103)
	at java.base/java.lang.reflect.Method.invoke(Method.java:580)
	at org.springframework.boot.devtools.restart.RestartLauncher.run(RestartLauncher.java:50)
Caused by: org.springframework.beans.factory.UnsatisfiedDependencyException: Error creating bean with name 'chatServiceImpl' defined in file [/Users/svv/Downloads/full_stack/TeamProject/momum/meomulm-backend/build/classes/java/main/com/meomulm/chat/model/service/ChatServiceImpl.class]: Unsatisfied dependency expressed through constructor parameter 2: Error creating bean with name 'geminiService': Injection of autowired dependencies failed
	at org.springframework.beans.factory.support.ConstructorResolver.createArgumentArray(ConstructorResolver.java:802)
	at org.springframework.beans.factory.support.ConstructorResolver.autowireConstructor(ConstructorResolver.java:241)
	at org.springframework.beans.factory.support.AbstractAutowireCapableBeanFactory.autowireConstructor(AbstractAutowireCapableBeanFactory.java:1354)
	at org.springframework.beans.factory.support.AbstractAutowireCapableBeanFactory.createBeanInstance(AbstractAutowireCapableBeanFactory.java:1191)
	at org.springframework.beans.factory.support.AbstractAutowireCapableBeanFactory.doCreateBean(AbstractAutowireCapableBeanFactory.java:561)
	at org.springframework.beans.factory.support.AbstractAutowireCapableBeanFactory.createBean(AbstractAutowireCapableBeanFactory.java:521)
	at org.springframework.beans.factory.support.AbstractBeanFactory.lambda$doGetBean$0(AbstractBeanFactory.java:325)
	at org.springframework.beans.factory.support.DefaultSingletonBeanRegistry.getSingleton(DefaultSingletonBeanRegistry.java:234)
	at org.springframework.beans.factory.support.AbstractBeanFactory.doGetBean(AbstractBeanFactory.java:323)
	at org.springframework.beans.factory.support.AbstractBeanFactory.getBean(AbstractBeanFactory.java:199)
	at org.springframework.beans.factory.config.DependencyDescriptor.resolveCandidate(DependencyDescriptor.java:254)
	at org.springframework.beans.factory.support.DefaultListableBeanFactory.doResolveDependency(DefaultListableBeanFactory.java:1443)
	at org.springframework.beans.factory.support.DefaultListableBeanFactory.resolveDependency(DefaultListableBeanFactory.java:1353)
	at org.springframework.beans.factory.support.ConstructorResolver.resolveAutowiredArgument(ConstructorResolver.java:911)
	at org.springframework.beans.factory.support.ConstructorResolver.createArgumentArray(ConstructorResolver.java:789)
	... 22 common frames omitted
Caused by: org.springframework.beans.factory.BeanCreationException: Error creating bean with name 'geminiService': Injection of autowired dependencies failed
	at org.springframework.beans.factory.annotation.AutowiredAnnotationBeanPostProcessor.postProcessProperties(AutowiredAnnotationBeanPostProcessor.java:514)
	at org.springframework.beans.factory.support.AbstractAutowireCapableBeanFactory.populateBean(AbstractAutowireCapableBeanFactory.java:1418)
	at org.springframework.beans.factory.support.AbstractAutowireCapableBeanFactory.doCreateBean(AbstractAutowireCapableBeanFactory.java:598)
	at org.springframework.beans.factory.support.AbstractAutowireCapableBeanFactory.createBean(AbstractAutowireCapableBeanFactory.java:521)
	at org.springframework.beans.factory.support.AbstractBeanFactory.lambda$doGetBean$0(AbstractBeanFactory.java:325)
	at org.springframework.beans.factory.support.DefaultSingletonBeanRegistry.getSingleton(DefaultSingletonBeanRegistry.java:234)
	at org.springframework.beans.factory.support.AbstractBeanFactory.doGetBean(AbstractBeanFactory.java:323)
	at org.springframework.beans.factory.support.AbstractBeanFactory.getBean(AbstractBeanFactory.java:199)
	at org.springframework.beans.factory.config.DependencyDescriptor.resolveCandidate(DependencyDescriptor.java:254)
	at org.springframework.beans.factory.support.DefaultListableBeanFactory.doResolveDependency(DefaultListableBeanFactory.java:1443)
	at org.springframework.beans.factory.support.DefaultListableBeanFactory.resolveDependency(DefaultListableBeanFactory.java:1353)
	at org.springframework.beans.factory.support.ConstructorResolver.resolveAutowiredArgument(ConstructorResolver.java:911)
	at org.springframework.beans.factory.support.ConstructorResolver.createArgumentArray(ConstructorResolver.java:789)
	... 36 common frames omitted
Caused by: java.lang.IllegalArgumentException: Could not resolve placeholder 'GEMINI_API_KEY' in value "${GEMINI_API_KEY}"
	at org.springframework.util.PropertyPlaceholderHelper.parseStringValue(PropertyPlaceholderHelper.java:180)
	at org.springframework.util.PropertyPlaceholderHelper.replacePlaceholders(PropertyPlaceholderHelper.java:126)
	at org.springframework.core.env.AbstractPropertyResolver.doResolvePlaceholders(AbstractPropertyResolver.java:239)
	at org.springframework.core.env.AbstractPropertyResolver.resolveRequiredPlaceholders(AbstractPropertyResolver.java:210)
	at org.springframework.core.env.AbstractPropertyResolver.resolveNestedPlaceholders(AbstractPropertyResolver.java:230)
	at org.springframework.boot.context.properties.source.ConfigurationPropertySourcesPropertyResolver.getProperty(ConfigurationPropertySourcesPropertyResolver.java:79)
	at org.springframework.boot.context.properties.source.ConfigurationPropertySourcesPropertyResolver.getProperty(ConfigurationPropertySourcesPropertyResolver.java:60)
	at org.springframework.core.env.AbstractEnvironment.getProperty(AbstractEnvironment.java:552)
	at org.springframework.context.support.PropertySourcesPlaceholderConfigurer$1.getProperty(PropertySourcesPlaceholderConfigurer.java:153)
	at org.springframework.context.support.PropertySourcesPlaceholderConfigurer$1.getProperty(PropertySourcesPlaceholderConfigurer.java:149)
	at org.springframework.core.env.PropertySourcesPropertyResolver.getProperty(PropertySourcesPropertyResolver.java:85)
	at org.springframework.core.env.PropertySourcesPropertyResolver.getPropertyAsRawString(PropertySourcesPropertyResolver.java:74)
	at org.springframework.util.PropertyPlaceholderHelper.parseStringValue(PropertyPlaceholderHelper.java:153)
	at org.springframework.util.PropertyPlaceholderHelper.replacePlaceholders(PropertyPlaceholderHelper.java:126)
	at org.springframework.core.env.AbstractPropertyResolver.doResolvePlaceholders(AbstractPropertyResolver.java:239)
	at org.springframework.core.env.AbstractPropertyResolver.resolveRequiredPlaceholders(AbstractPropertyResolver.java:210)
	at org.springframework.context.support.PropertySourcesPlaceholderConfigurer.lambda$processProperties$0(PropertySourcesPlaceholderConfigurer.java:200)
	at org.springframework.beans.factory.support.AbstractBeanFactory.resolveEmbeddedValue(AbstractBeanFactory.java:921)
	at org.springframework.beans.factory.support.DefaultListableBeanFactory.doResolveDependency(DefaultListableBeanFactory.java:1374)
	at org.springframework.beans.factory.support.DefaultListableBeanFactory.resolveDependency(DefaultListableBeanFactory.java:1353)
	at org.springframework.beans.factory.annotation.AutowiredAnnotationBeanPostProcessor$AutowiredFieldElement.resolveFieldValue(AutowiredAnnotationBeanPostProcessor.java:784)
	at org.springframework.beans.factory.annotation.AutowiredAnnotationBeanPostProcessor$AutowiredFieldElement.inject(AutowiredAnnotationBeanPostProcessor.java:767)
	at org.springframework.beans.factory.annotation.InjectionMetadata.inject(InjectionMetadata.java:145)
	at org.springframework.beans.factory.annotation.AutowiredAnnotationBeanPostProcessor.postProcessProperties(AutowiredAnnotationBeanPostProcessor.java:508)
	... 48 common frames omitted

2026-02-09 05:23:15.365  INFO 34843 --- [restartedMain] com.meomulm.MeomulmBackendApplication    : Starting MeomulmBackendApplication using Java 21.0.8 with PID 34843 (/Users/svv/Downloads/full_stack/TeamProject/momum/meomulm-backend/build/classes/java/main started by svv in /Users/svv/Downloads/full_stack/TeamProject/momum/meomulm-backend)
2026-02-09 05:23:15.366  INFO 34843 --- [restartedMain] com.meomulm.MeomulmBackendApplication    : No active profile set, falling back to 1 default profile: "default"
2026-02-09 05:23:15.386  INFO 34843 --- [restartedMain] .e.DevToolsPropertyDefaultsPostProcessor : Devtools property defaults active! Set 'spring.devtools.add-properties' to 'false' to disable
2026-02-09 05:23:15.386  INFO 34843 --- [restartedMain] .e.DevToolsPropertyDefaultsPostProcessor : For additional web related logging consider setting the 'logging.level.web' property to 'DEBUG'
2026-02-09 05:23:16.132  INFO 34843 --- [restartedMain] o.s.b.w.embedded.tomcat.TomcatWebServer  : Tomcat initialized with port 8080 (http)
2026-02-09 05:23:16.137  INFO 34843 --- [restartedMain] o.apache.catalina.core.StandardService   : Starting service [Tomcat]
2026-02-09 05:23:16.137  INFO 34843 --- [restartedMain] o.apache.catalina.core.StandardEngine    : Starting Servlet engine: [Apache Tomcat/10.1.17]
2026-02-09 05:23:16.151  INFO 34843 --- [restartedMain] o.a.c.c.C.[Tomcat].[localhost].[/]       : Initializing Spring embedded WebApplicationContext
2026-02-09 05:23:16.151  INFO 34843 --- [restartedMain] w.s.c.ServletWebServerApplicationContext : Root WebApplicationContext: initialization completed in 765 ms
2026-02-09 05:23:16.509  WARN 34843 --- [restartedMain] .s.s.UserDetailsServiceAutoConfiguration : 

Using generated security password: afd1e9e5-c299-49fe-8085-996600717b10

This generated password is for development use only. Your security configuration must be updated before running your application in production.

2026-02-09 05:23:16.681  INFO 34843 --- [restartedMain] o.s.s.web.DefaultSecurityFilterChain     : Will secure any request with [org.springframework.security.web.session.DisableEncodeUrlFilter@3298ffad, org.springframework.security.web.context.request.async.WebAsyncManagerIntegrationFilter@9cc876a, org.springframework.security.web.context.SecurityContextHolderFilter@3dcc19de, org.springframework.security.web.header.HeaderWriterFilter@5baa0824, org.springframework.web.filter.CorsFilter@52818b37, org.springframework.security.web.authentication.logout.LogoutFilter@8f10c8b, com.meomulm.common.config.JwtAuthenticationFilter@70eb06c9, org.springframework.security.web.savedrequest.RequestCacheAwareFilter@2569ad56, org.springframework.security.web.servletapi.SecurityContextHolderAwareRequestFilter@736e2659, org.springframework.security.web.authentication.AnonymousAuthenticationFilter@64e3ee53, org.springframework.security.web.session.SessionManagementFilter@4670a512, org.springframework.security.web.access.ExceptionTranslationFilter@2e8ebe12, org.springframework.security.web.access.intercept.AuthorizationFilter@1409f3ef]
2026-02-09 05:23:16.873  INFO 34843 --- [restartedMain] o.s.b.d.a.OptionalLiveReloadServer       : LiveReload server is running on port 35729
2026-02-09 05:23:16.891  INFO 34843 --- [restartedMain] o.s.b.w.embedded.tomcat.TomcatWebServer  : Tomcat started on port 8080 (http) with context path ''
2026-02-09 05:23:16.892  INFO 34843 --- [restartedMain] o.s.m.s.b.SimpleBrokerMessageHandler     : Starting...
2026-02-09 05:23:16.892  INFO 34843 --- [restartedMain] o.s.m.s.b.SimpleBrokerMessageHandler     : BrokerAvailabilityEvent[available=true, SimpleBrokerMessageHandler [org.springframework.messaging.simp.broker.DefaultSubscriptionRegistry@e0e7ac4]]
2026-02-09 05:23:16.893  INFO 34843 --- [restartedMain] o.s.m.s.b.SimpleBrokerMessageHandler     : Started.
2026-02-09 05:23:16.899  INFO 34843 --- [restartedMain] com.meomulm.MeomulmBackendApplication    : Started MeomulmBackendApplication in 1.717 seconds (process running for 2.092)
2026-02-09 05:24:16.900  INFO 34843 --- [MessageBroker-1] o.s.w.s.c.WebSocketMessageBrokerStats    : WebSocketSession[0 current WS(0)-HttpStream(0)-HttpPoll(0), 0 total, 0 closed abnormally (0 connect failure, 0 send limit, 0 transport error)], stompSubProtocol[processed CONNECT(0)-CONNECTED(0)-DISCONNECT(0)], stompBrokerRelay[null], inboundChannel[pool size = 0, active threads = 0, queued tasks = 0, completed tasks = 0], outboundChannel[pool size = 0, active threads = 0, queued tasks = 0, completed tasks = 0], sockJsScheduler[pool size = 4, active threads = 1, queued tasks = 3, completed tasks = 0]
2026-02-09 05:54:16.965  INFO 34843 --- [MessageBroker-3] o.s.w.s.c.WebSocketMessageBrokerStats    : WebSocketSession[0 current WS(0)-HttpStream(0)-HttpPoll(0), 0 total, 0 closed abnormally (0 connect failure, 0 send limit, 0 transport error)], stompSubProtocol[processed CONNECT(0)-CONNECTED(0)-DISCONNECT(0)], stompBrokerRelay[null], inboundChannel[pool size = 0, active threads = 0, queued tasks = 0, completed tasks = 0], outboundChannel[pool size = 0, active threads = 0, queued tasks = 0, completed tasks = 0], sockJsScheduler[pool size = 5, active threads = 1, queued tasks = 3, completed tasks = 1]
2026-02-09 06:24:17.004  INFO 34843 --- [MessageBroker-2] o.s.w.s.c.WebSocketMessageBrokerStats    : WebSocketSession[0 current WS(0)-HttpStream(0)-HttpPoll(0), 0 total, 0 closed abnormally (0 connect failure, 0 send limit, 0 transport error)], stompSubProtocol[processed CONNECT(0)-CONNECTED(0)-DISCONNECT(0)], stompBrokerRelay[null], inboundChannel[pool size = 0, active threads = 0, queued tasks = 0, completed tasks = 0], outboundChannel[pool size = 0, active threads = 0, queued tasks = 0, completed tasks = 0], sockJsScheduler[pool size = 6, active threads = 1, queued tasks = 3, completed tasks = 2]
2026-02-09 06:54:16.996  INFO 34843 --- [MessageBroker-5] o.s.w.s.c.WebSocketMessageBrokerStats    : WebSocketSession[0 current WS(0)-HttpStream(0)-HttpPoll(0), 0 total, 0 closed abnormally (0 connect failure, 0 send limit, 0 transport error)], stompSubProtocol[processed CONNECT(0)-CONNECTED(0)-DISCONNECT(0)], stompBrokerRelay[null], inboundChannel[pool size = 0, active threads = 0, queued tasks = 0, completed tasks = 0], outboundChannel[pool size = 0, active threads = 0, queued tasks = 0, completed tasks = 0], sockJsScheduler[pool size = 7, active threads = 1, queued tasks = 3, completed tasks = 3]
2026-02-09 07:24:17.021  INFO 34843 --- [MessageBroker-3] o.s.w.s.c.WebSocketMessageBrokerStats    : WebSocketSession[0 current WS(0)-HttpStream(0)-HttpPoll(0), 0 total, 0 closed abnormally (0 connect failure, 0 send limit, 0 transport error)], stompSubProtocol[processed CONNECT(0)-CONNECTED(0)-DISCONNECT(0)], stompBrokerRelay[null], inboundChannel[pool size = 0, active threads = 0, queued tasks = 0, completed tasks = 0], outboundChannel[pool size = 0, active threads = 0, queued tasks = 0, completed tasks = 0], sockJsScheduler[pool size = 8, active threads = 1, queued tasks = 3, completed tasks = 4]
2026-02-09 07:54:17.038  INFO 34843 --- [MessageBroker-3] o.s.w.s.c.WebSocketMessageBrokerStats    : WebSocketSession[0 current WS(0)-HttpStream(0)-HttpPoll(0), 0 total, 0 closed abnormally (0 connect failure, 0 send limit, 0 transport error)], stompSubProtocol[processed CONNECT(0)-CONNECTED(0)-DISCONNECT(0)], stompBrokerRelay[null], inboundChannel[pool size = 0, active threads = 0, queued tasks = 0, completed tasks = 0], outboundChannel[pool size = 0, active threads = 0, queued tasks = 0, completed tasks = 0], sockJsScheduler[pool size = 8, active threads = 1, queued tasks = 3, completed tasks = 5]
2026-02-09 08:14:54.393  INFO 34843 --- [SpringApplicationShutdownHook] o.s.m.s.b.SimpleBrokerMessageHandler     : Stopping...
2026-02-09 08:14:54.396  INFO 34843 --- [SpringApplicationShutdownHook] o.s.m.s.b.SimpleBrokerMessageHandler     : BrokerAvailabilityEvent[available=false, SimpleBrokerMessageHandler [org.springframework.messaging.simp.broker.DefaultSubscriptionRegistry@e0e7ac4]]
2026-02-09 08:14:54.396  INFO 34843 --- [SpringApplicationShutdownHook] o.s.m.s.b.SimpleBrokerMessageHandler     : Stopped.
2026-02-09 18:48:11.350  INFO 54391 --- [restartedMain] com.meomulm.MeomulmBackendApplication    : Starting MeomulmBackendApplication using Java 21.0.8 with PID 54391 (/Users/svv/Downloads/full_stack/TeamProject/momum/meomulm-backend/build/classes/java/main started by svv in /Users/svv/Downloads/full_stack/TeamProject/momum/meomulm-backend)
2026-02-09 18:48:11.351  INFO 54391 --- [restartedMain] com.meomulm.MeomulmBackendApplication    : No active profile set, falling back to 1 default profile: "default"
2026-02-09 18:48:11.383  INFO 54391 --- [restartedMain] .e.DevToolsPropertyDefaultsPostProcessor : Devtools property defaults active! Set 'spring.devtools.add-properties' to 'false' to disable
2026-02-09 18:48:11.383  INFO 54391 --- [restartedMain] .e.DevToolsPropertyDefaultsPostProcessor : For additional web related logging consider setting the 'logging.level.web' property to 'DEBUG'
2026-02-09 18:48:12.209  INFO 54391 --- [restartedMain] o.s.b.w.embedded.tomcat.TomcatWebServer  : Tomcat initialized with port 8080 (http)
2026-02-09 18:48:12.215  INFO 54391 --- [restartedMain] o.apache.catalina.core.StandardService   : Starting service [Tomcat]
2026-02-09 18:48:12.215  INFO 54391 --- [restartedMain] o.apache.catalina.core.StandardEngine    : Starting Servlet engine: [Apache Tomcat/10.1.17]
2026-02-09 18:48:12.233  INFO 54391 --- [restartedMain] o.a.c.c.C.[Tomcat].[localhost].[/]       : Initializing Spring embedded WebApplicationContext
2026-02-09 18:48:12.233  INFO 54391 --- [restartedMain] w.s.c.ServletWebServerApplicationContext : Root WebApplicationContext: initialization completed in 850 ms
2026-02-09 18:48:12.695  WARN 54391 --- [restartedMain] .s.s.UserDetailsServiceAutoConfiguration : 

Using generated security password: eac90afb-5a17-4abb-8e1b-ddc3d155ad72

This generated password is for development use only. Your security configuration must be updated before running your application in production.

2026-02-09 18:48:12.925  INFO 54391 --- [restartedMain] o.s.s.web.DefaultSecurityFilterChain     : Will secure any request with [org.springframework.security.web.session.DisableEncodeUrlFilter@4c937a98, org.springframework.security.web.context.request.async.WebAsyncManagerIntegrationFilter@1aedbc26, org.springframework.security.web.context.SecurityContextHolderFilter@6f3b528f, org.springframework.security.web.header.HeaderWriterFilter@7220c6d6, org.springframework.web.filter.CorsFilter@4a626f98, org.springframework.security.web.authentication.logout.LogoutFilter@7eb0ddb9, com.meomulm.common.config.JwtAuthenticationFilter@3dfa33be, org.springframework.security.web.savedrequest.RequestCacheAwareFilter@24777aa8, org.springframework.security.web.servletapi.SecurityContextHolderAwareRequestFilter@6d6d8fa1, org.springframework.security.web.authentication.AnonymousAuthenticationFilter@4680a9a, org.springframework.security.web.session.SessionManagementFilter@31ba9412, org.springframework.security.web.access.ExceptionTranslationFilter@55bfef17, org.springframework.security.web.access.intercept.AuthorizationFilter@5720fffc]
2026-02-09 18:48:13.149  INFO 54391 --- [restartedMain] o.s.b.d.a.OptionalLiveReloadServer       : LiveReload server is running on port 35729
2026-02-09 18:48:13.176  INFO 54391 --- [restartedMain] o.s.b.w.embedded.tomcat.TomcatWebServer  : Tomcat started on port 8080 (http) with context path ''
2026-02-09 18:48:13.177  INFO 54391 --- [restartedMain] o.s.m.s.b.SimpleBrokerMessageHandler     : Starting...
2026-02-09 18:48:13.178  INFO 54391 --- [restartedMain] o.s.m.s.b.SimpleBrokerMessageHandler     : BrokerAvailabilityEvent[available=true, SimpleBrokerMessageHandler [org.springframework.messaging.simp.broker.DefaultSubscriptionRegistry@2ac1208]]
2026-02-09 18:48:13.178  INFO 54391 --- [restartedMain] o.s.m.s.b.SimpleBrokerMessageHandler     : Started.
2026-02-09 18:48:13.187  INFO 54391 --- [restartedMain] com.meomulm.MeomulmBackendApplication    : Started MeomulmBackendApplication in 2.117 seconds (process running for 2.747)
2026-02-09 18:49:13.187  INFO 54391 --- [MessageBroker-1] o.s.w.s.c.WebSocketMessageBrokerStats    : WebSocketSession[0 current WS(0)-HttpStream(0)-HttpPoll(0), 0 total, 0 closed abnormally (0 connect failure, 0 send limit, 0 transport error)], stompSubProtocol[processed CONNECT(0)-CONNECTED(0)-DISCONNECT(0)], stompBrokerRelay[null], inboundChannel[pool size = 0, active threads = 0, queued tasks = 0, completed tasks = 0], outboundChannel[pool size = 0, active threads = 0, queued tasks = 0, completed tasks = 0], sockJsScheduler[pool size = 4, active threads = 1, queued tasks = 3, completed tasks = 0]
2026-02-09 18:49:48.316  INFO 54391 --- [http-nio-0.0.0.0-8080-exec-1] o.a.c.c.C.[Tomcat].[localhost].[/]       : Initializing Spring DispatcherServlet 'dispatcherServlet'
2026-02-09 18:49:48.317  INFO 54391 --- [http-nio-0.0.0.0-8080-exec-1] o.s.web.servlet.DispatcherServlet        : Initializing Servlet 'dispatcherServlet'
2026-02-09 18:49:48.323  INFO 54391 --- [http-nio-0.0.0.0-8080-exec-1] o.s.web.servlet.DispatcherServlet        : Completed initialization in 6 ms
2026-02-09 18:49:48.398  INFO 54391 --- [http-nio-0.0.0.0-8080-exec-1] com.meomulm.common.config.WebSocket      : 새로운 STOMP 연결 시도 발견!
2026-02-09 19:04:08.116  INFO 54391 --- [File Watcher] rtingClassPathChangeChangedEventListener : Restarting due to 6 class path changes (0 additions, 0 deletions, 6 modifications)
2026-02-09 19:04:08.135  INFO 54391 --- [Thread-5] o.s.m.s.b.SimpleBrokerMessageHandler     : Stopping...
2026-02-09 19:04:08.135  INFO 54391 --- [Thread-5] o.s.m.s.b.SimpleBrokerMessageHandler     : BrokerAvailabilityEvent[available=false, SimpleBrokerMessageHandler [org.springframework.messaging.simp.broker.DefaultSubscriptionRegistry@2ac1208]]
2026-02-09 19:04:08.135  INFO 54391 --- [Thread-5] o.s.m.s.b.SimpleBrokerMessageHandler     : Stopped.
2026-02-09 19:04:08.236  INFO 54391 --- [restartedMain] com.meomulm.MeomulmBackendApplication    : Starting MeomulmBackendApplication using Java 21.0.8 with PID 54391 (/Users/svv/Downloads/full_stack/TeamProject/momum/meomulm-backend/build/classes/java/main started by svv in /Users/svv/Downloads/full_stack/TeamProject/momum/meomulm-backend)
2026-02-09 19:04:08.236  INFO 54391 --- [restartedMain] com.meomulm.MeomulmBackendApplication    : No active profile set, falling back to 1 default profile: "default"
2026-02-09 19:04:08.455  INFO 54391 --- [restartedMain] o.s.b.w.embedded.tomcat.TomcatWebServer  : Tomcat initialized with port 8080 (http)
2026-02-09 19:04:08.456  INFO 54391 --- [restartedMain] o.apache.catalina.core.StandardService   : Starting service [Tomcat]
2026-02-09 19:04:08.456  INFO 54391 --- [restartedMain] o.apache.catalina.core.StandardEngine    : Starting Servlet engine: [Apache Tomcat/10.1.17]
2026-02-09 19:04:08.463  INFO 54391 --- [restartedMain] o.a.c.c.C.[Tomcat].[localhost].[/]       : Initializing Spring embedded WebApplicationContext
2026-02-09 19:04:08.463  INFO 54391 --- [restartedMain] w.s.c.ServletWebServerApplicationContext : Root WebApplicationContext: initialization completed in 226 ms
2026-02-09 19:04:08.672  WARN 54391 --- [restartedMain] .s.s.UserDetailsServiceAutoConfiguration : 

Using generated security password: 8927515f-816e-436e-9d27-f0e2709b6cf6

This generated password is for development use only. Your security configuration must be updated before running your application in production.

2026-02-09 19:04:08.760  INFO 54391 --- [restartedMain] o.s.s.web.DefaultSecurityFilterChain     : Will secure any request with [org.springframework.security.web.session.DisableEncodeUrlFilter@2767dbc8, org.springframework.security.web.context.request.async.WebAsyncManagerIntegrationFilter@5d2f1d09, org.springframework.security.web.context.SecurityContextHolderFilter@279d8374, org.springframework.security.web.header.HeaderWriterFilter@62ff7abb, org.springframework.web.filter.CorsFilter@406ac0f0, org.springframework.security.web.authentication.logout.LogoutFilter@7e70985d, com.meomulm.common.config.JwtAuthenticationFilter@5207b938, org.springframework.security.web.savedrequest.RequestCacheAwareFilter@5d895801, org.springframework.security.web.servletapi.SecurityContextHolderAwareRequestFilter@44badba9, org.springframework.security.web.authentication.AnonymousAuthenticationFilter@602f22bf, org.springframework.security.web.session.SessionManagementFilter@42c6761d, org.springframework.security.web.access.ExceptionTranslationFilter@622319a7, org.springframework.security.web.access.intercept.AuthorizationFilter@7bdb77dd]
2026-02-09 19:04:08.890  INFO 54391 --- [restartedMain] o.s.b.d.a.OptionalLiveReloadServer       : LiveReload server is running on port 35729
2026-02-09 19:04:08.897  INFO 54391 --- [restartedMain] o.s.b.w.embedded.tomcat.TomcatWebServer  : Tomcat started on port 8080 (http) with context path ''
2026-02-09 19:04:08.897  INFO 54391 --- [restartedMain] o.s.m.s.b.SimpleBrokerMessageHandler     : Starting...
2026-02-09 19:04:08.897  INFO 54391 --- [restartedMain] o.s.m.s.b.SimpleBrokerMessageHandler     : BrokerAvailabilityEvent[available=true, SimpleBrokerMessageHandler [org.springframework.messaging.simp.broker.DefaultSubscriptionRegistry@21c35659]]
2026-02-09 19:04:08.897  INFO 54391 --- [restartedMain] o.s.m.s.b.SimpleBrokerMessageHandler     : Started.
2026-02-09 19:04:08.899  INFO 54391 --- [restartedMain] com.meomulm.MeomulmBackendApplication    : Started MeomulmBackendApplication in 0.68 seconds (process running for 869.868)
2026-02-09 19:04:08.900  INFO 54391 --- [restartedMain] .ConditionEvaluationDeltaLoggingListener : Condition evaluation unchanged
2026-02-09 19:05:08.900  INFO 54391 --- [MessageBroker-1] o.s.w.s.c.WebSocketMessageBrokerStats    : WebSocketSession[0 current WS(0)-HttpStream(0)-HttpPoll(0), 0 total, 0 closed abnormally (0 connect failure, 0 send limit, 0 transport error)], stompSubProtocol[processed CONNECT(0)-CONNECTED(0)-DISCONNECT(0)], stompBrokerRelay[null], inboundChannel[pool size = 0, active threads = 0, queued tasks = 0, completed tasks = 0], outboundChannel[pool size = 0, active threads = 0, queued tasks = 0, completed tasks = 0], sockJsScheduler[pool size = 4, active threads = 1, queued tasks = 3, completed tasks = 0]
2026-02-09 19:05:51.879  INFO 54391 --- [File Watcher] rtingClassPathChangeChangedEventListener : Restarting due to 14 class path changes (0 additions, 0 deletions, 14 modifications)
2026-02-09 19:05:51.887  INFO 54391 --- [Thread-8] o.s.m.s.b.SimpleBrokerMessageHandler     : Stopping...
2026-02-09 19:05:51.888  INFO 54391 --- [Thread-8] o.s.m.s.b.SimpleBrokerMessageHandler     : BrokerAvailabilityEvent[available=false, SimpleBrokerMessageHandler [org.springframework.messaging.simp.broker.DefaultSubscriptionRegistry@21c35659]]
2026-02-09 19:05:51.888  INFO 54391 --- [Thread-8] o.s.m.s.b.SimpleBrokerMessageHandler     : Stopped.
2026-02-09 19:05:51.984  INFO 54391 --- [restartedMain] com.meomulm.MeomulmBackendApplication    : Starting MeomulmBackendApplication using Java 21.0.8 with PID 54391 (/Users/svv/Downloads/full_stack/TeamProject/momum/meomulm-backend/build/classes/java/main started by svv in /Users/svv/Downloads/full_stack/TeamProject/momum/meomulm-backend)
2026-02-09 19:05:51.984  INFO 54391 --- [restartedMain] com.meomulm.MeomulmBackendApplication    : No active profile set, falling back to 1 default profile: "default"
2026-02-09 19:05:52.202  INFO 54391 --- [restartedMain] o.s.b.w.embedded.tomcat.TomcatWebServer  : Tomcat initialized with port 8080 (http)
2026-02-09 19:05:52.202  INFO 54391 --- [restartedMain] o.apache.catalina.core.StandardService   : Starting service [Tomcat]
2026-02-09 19:05:52.202  INFO 54391 --- [restartedMain] o.apache.catalina.core.StandardEngine    : Starting Servlet engine: [Apache Tomcat/10.1.17]
2026-02-09 19:05:52.206  INFO 54391 --- [restartedMain] o.a.c.c.C.[Tomcat].[localhost].[/]       : Initializing Spring embedded WebApplicationContext
2026-02-09 19:05:52.207  INFO 54391 --- [restartedMain] w.s.c.ServletWebServerApplicationContext : Root WebApplicationContext: initialization completed in 222 ms
2026-02-09 19:05:52.400  WARN 54391 --- [restartedMain] .s.s.UserDetailsServiceAutoConfiguration : 

Using generated security password: cbc8762e-05b5-4d79-a6ca-0154ccdb91e4

This generated password is for development use only. Your security configuration must be updated before running your application in production.

2026-02-09 19:05:52.495  INFO 54391 --- [restartedMain] o.s.s.web.DefaultSecurityFilterChain     : Will secure any request with [org.springframework.security.web.session.DisableEncodeUrlFilter@606899db, org.springframework.security.web.context.request.async.WebAsyncManagerIntegrationFilter@1bcdd56f, org.springframework.security.web.context.SecurityContextHolderFilter@60c2ab97, org.springframework.security.web.header.HeaderWriterFilter@1b78498a, org.springframework.web.filter.CorsFilter@556c35e6, org.springframework.security.web.authentication.logout.LogoutFilter@26f3637, com.meomulm.common.config.JwtAuthenticationFilter@1091d8d5, org.springframework.security.web.savedrequest.RequestCacheAwareFilter@4a5c2294, org.springframework.security.web.servletapi.SecurityContextHolderAwareRequestFilter@13b1064c, org.springframework.security.web.authentication.AnonymousAuthenticationFilter@4709fc88, org.springframework.security.web.session.SessionManagementFilter@6d113809, org.springframework.security.web.access.ExceptionTranslationFilter@41bd612a, org.springframework.security.web.access.intercept.AuthorizationFilter@32140c77]
2026-02-09 19:05:52.625  INFO 54391 --- [restartedMain] o.s.b.d.a.OptionalLiveReloadServer       : LiveReload server is running on port 35729
2026-02-09 19:05:52.633  INFO 54391 --- [restartedMain] o.s.b.w.embedded.tomcat.TomcatWebServer  : Tomcat started on port 8080 (http) with context path ''
2026-02-09 19:05:52.634  INFO 54391 --- [restartedMain] o.s.m.s.b.SimpleBrokerMessageHandler     : Starting...
2026-02-09 19:05:52.634  INFO 54391 --- [restartedMain] o.s.m.s.b.SimpleBrokerMessageHandler     : BrokerAvailabilityEvent[available=true, SimpleBrokerMessageHandler [org.springframework.messaging.simp.broker.DefaultSubscriptionRegistry@5d37335a]]
2026-02-09 19:05:52.634  INFO 54391 --- [restartedMain] o.s.m.s.b.SimpleBrokerMessageHandler     : Started.
2026-02-09 19:05:52.636  INFO 54391 --- [restartedMain] com.meomulm.MeomulmBackendApplication    : Started MeomulmBackendApplication in 0.665 seconds (process running for 973.605)
2026-02-09 19:05:52.636  INFO 54391 --- [restartedMain] .ConditionEvaluationDeltaLoggingListener : Condition evaluation unchanged
2026-02-09 19:06:18.474  INFO 54391 --- [File Watcher] rtingClassPathChangeChangedEventListener : Restarting due to 14 class path changes (0 additions, 0 deletions, 14 modifications)
2026-02-09 19:06:18.500  INFO 54391 --- [Thread-12] o.s.m.s.b.SimpleBrokerMessageHandler     : Stopping...
2026-02-09 19:06:18.500  INFO 54391 --- [Thread-12] o.s.m.s.b.SimpleBrokerMessageHandler     : BrokerAvailabilityEvent[available=false, SimpleBrokerMessageHandler [org.springframework.messaging.simp.broker.DefaultSubscriptionRegistry@5d37335a]]
2026-02-09 19:06:18.500  INFO 54391 --- [Thread-12] o.s.m.s.b.SimpleBrokerMessageHandler     : Stopped.
2026-02-09 19:06:18.576  INFO 54391 --- [restartedMain] com.meomulm.MeomulmBackendApplication    : Starting MeomulmBackendApplication using Java 21.0.8 with PID 54391 (/Users/svv/Downloads/full_stack/TeamProject/momum/meomulm-backend/build/classes/java/main started by svv in /Users/svv/Downloads/full_stack/TeamProject/momum/meomulm-backend)
2026-02-09 19:06:18.576  INFO 54391 --- [restartedMain] com.meomulm.MeomulmBackendApplication    : No active profile set, falling back to 1 default profile: "default"
2026-02-09 19:06:18.794  INFO 54391 --- [restartedMain] o.s.b.w.embedded.tomcat.TomcatWebServer  : Tomcat initialized with port 8080 (http)
2026-02-09 19:06:18.795  INFO 54391 --- [restartedMain] o.apache.catalina.core.StandardService   : Starting service [Tomcat]
2026-02-09 19:06:18.795  INFO 54391 --- [restartedMain] o.apache.catalina.core.StandardEngine    : Starting Servlet engine: [Apache Tomcat/10.1.17]
2026-02-09 19:06:18.799  INFO 54391 --- [restartedMain] o.a.c.c.C.[Tomcat].[localhost].[/]       : Initializing Spring embedded WebApplicationContext
2026-02-09 19:06:18.799  INFO 54391 --- [restartedMain] w.s.c.ServletWebServerApplicationContext : Root WebApplicationContext: initialization completed in 222 ms
2026-02-09 19:06:19.015  WARN 54391 --- [restartedMain] .s.s.UserDetailsServiceAutoConfiguration : 

Using generated security password: 1ff3fed0-f4c6-4fec-8a2f-630eb2765bfe

This generated password is for development use only. Your security configuration must be updated before running your application in production.

2026-02-09 19:06:19.114  INFO 54391 --- [restartedMain] o.s.s.web.DefaultSecurityFilterChain     : Will secure any request with [org.springframework.security.web.session.DisableEncodeUrlFilter@1d9ef158, org.springframework.security.web.context.request.async.WebAsyncManagerIntegrationFilter@7b835c8e, org.springframework.security.web.context.SecurityContextHolderFilter@b0c0112, org.springframework.security.web.header.HeaderWriterFilter@2ee54cd9, org.springframework.web.filter.CorsFilter@511f054c, org.springframework.security.web.authentication.logout.LogoutFilter@5056c5a0, com.meomulm.common.config.JwtAuthenticationFilter@5535761d, org.springframework.security.web.savedrequest.RequestCacheAwareFilter@3bbcc068, org.springframework.security.web.servletapi.SecurityContextHolderAwareRequestFilter@3fbbd042, org.springframework.security.web.authentication.AnonymousAuthenticationFilter@5d3c88a1, org.springframework.security.web.session.SessionManagementFilter@29f5be67, org.springframework.security.web.access.ExceptionTranslationFilter@20c2084b, org.springframework.security.web.access.intercept.AuthorizationFilter@6c6c0876]
2026-02-09 19:06:19.264  INFO 54391 --- [restartedMain] o.s.b.d.a.OptionalLiveReloadServer       : LiveReload server is running on port 35729
2026-02-09 19:06:19.271  INFO 54391 --- [restartedMain] o.s.b.w.embedded.tomcat.TomcatWebServer  : Tomcat started on port 8080 (http) with context path ''
2026-02-09 19:06:19.272  INFO 54391 --- [restartedMain] o.s.m.s.b.SimpleBrokerMessageHandler     : Starting...
2026-02-09 19:06:19.272  INFO 54391 --- [restartedMain] o.s.m.s.b.SimpleBrokerMessageHandler     : BrokerAvailabilityEvent[available=true, SimpleBrokerMessageHandler [org.springframework.messaging.simp.broker.DefaultSubscriptionRegistry@2366f197]]
2026-02-09 19:06:19.272  INFO 54391 --- [restartedMain] o.s.m.s.b.SimpleBrokerMessageHandler     : Started.
2026-02-09 19:06:19.274  INFO 54391 --- [restartedMain] com.meomulm.MeomulmBackendApplication    : Started MeomulmBackendApplication in 0.711 seconds (process running for 1000.243)
2026-02-09 19:06:19.274  INFO 54391 --- [restartedMain] .ConditionEvaluationDeltaLoggingListener : Condition evaluation unchanged
2026-02-09 19:08:34.773  INFO 54391 --- [MessageBroker-1] o.s.w.s.c.WebSocketMessageBrokerStats    : WebSocketSession[0 current WS(0)-HttpStream(0)-HttpPoll(0), 0 total, 0 closed abnormally (0 connect failure, 0 send limit, 0 transport error)], stompSubProtocol[processed CONNECT(0)-CONNECTED(0)-DISCONNECT(0)], stompBrokerRelay[null], inboundChannel[pool size = 0, active threads = 0, queued tasks = 0, completed tasks = 0], outboundChannel[pool size = 0, active threads = 0, queued tasks = 0, completed tasks = 0], sockJsScheduler[pool size = 4, active threads = 1, queued tasks = 3, completed tasks = 0]
2026-02-09 19:08:40.371  INFO 54391 --- [File Watcher] rtingClassPathChangeChangedEventListener : Restarting due to 14 class path changes (0 additions, 0 deletions, 14 modifications)
2026-02-09 19:08:40.377  INFO 54391 --- [Thread-16] o.s.m.s.b.SimpleBrokerMessageHandler     : Stopping...
2026-02-09 19:08:40.377  INFO 54391 --- [Thread-16] o.s.m.s.b.SimpleBrokerMessageHandler     : BrokerAvailabilityEvent[available=false, SimpleBrokerMessageHandler [org.springframework.messaging.simp.broker.DefaultSubscriptionRegistry@2366f197]]
2026-02-09 19:08:40.378  INFO 54391 --- [Thread-16] o.s.m.s.b.SimpleBrokerMessageHandler     : Stopped.
2026-02-09 19:08:40.461  INFO 54391 --- [restartedMain] com.meomulm.MeomulmBackendApplication    : Starting MeomulmBackendApplication using Java 21.0.8 with PID 54391 (/Users/svv/Downloads/full_stack/TeamProject/momum/meomulm-backend/build/classes/java/main started by svv in /Users/svv/Downloads/full_stack/TeamProject/momum/meomulm-backend)
2026-02-09 19:08:40.461  INFO 54391 --- [restartedMain] com.meomulm.MeomulmBackendApplication    : No active profile set, falling back to 1 default profile: "default"
2026-02-09 19:08:40.664  INFO 54391 --- [restartedMain] o.s.b.w.embedded.tomcat.TomcatWebServer  : Tomcat initialized with port 8080 (http)
2026-02-09 19:08:40.665  INFO 54391 --- [restartedMain] o.apache.catalina.core.StandardService   : Starting service [Tomcat]
2026-02-09 19:08:40.665  INFO 54391 --- [restartedMain] o.apache.catalina.core.StandardEngine    : Starting Servlet engine: [Apache Tomcat/10.1.17]
2026-02-09 19:08:40.670  INFO 54391 --- [restartedMain] o.a.c.c.C.[Tomcat].[localhost].[/]       : Initializing Spring embedded WebApplicationContext
2026-02-09 19:08:40.670  INFO 54391 --- [restartedMain] w.s.c.ServletWebServerApplicationContext : Root WebApplicationContext: initialization completed in 209 ms
2026-02-09 19:08:40.853  WARN 54391 --- [restartedMain] .s.s.UserDetailsServiceAutoConfiguration : 

Using generated security password: 1794e677-9916-4932-a19d-2c3d37e5a5b2

This generated password is for development use only. Your security configuration must be updated before running your application in production.

2026-02-09 19:08:40.929  INFO 54391 --- [restartedMain] o.s.s.web.DefaultSecurityFilterChain     : Will secure any request with [org.springframework.security.web.session.DisableEncodeUrlFilter@701778e5, org.springframework.security.web.context.request.async.WebAsyncManagerIntegrationFilter@35828f6, org.springframework.security.web.context.SecurityContextHolderFilter@32229482, org.springframework.security.web.header.HeaderWriterFilter@6b09b54c, org.springframework.web.filter.CorsFilter@5934700d, org.springframework.security.web.authentication.logout.LogoutFilter@286b7af3, com.meomulm.common.config.JwtAuthenticationFilter@4fc83cb8, org.springframework.security.web.savedrequest.RequestCacheAwareFilter@171db9a1, org.springframework.security.web.servletapi.SecurityContextHolderAwareRequestFilter@3198cddb, org.springframework.security.web.authentication.AnonymousAuthenticationFilter@7bedb7e4, org.springframework.security.web.session.SessionManagementFilter@7f181e8a, org.springframework.security.web.access.ExceptionTranslationFilter@21108156, org.springframework.security.web.access.intercept.AuthorizationFilter@2540e768]
2026-02-09 19:08:41.043  INFO 54391 --- [restartedMain] o.s.b.d.a.OptionalLiveReloadServer       : LiveReload server is running on port 35729
2026-02-09 19:08:41.049  INFO 54391 --- [restartedMain] o.s.b.w.embedded.tomcat.TomcatWebServer  : Tomcat started on port 8080 (http) with context path ''
2026-02-09 19:08:41.050  INFO 54391 --- [restartedMain] o.s.m.s.b.SimpleBrokerMessageHandler     : Starting...
2026-02-09 19:08:41.050  INFO 54391 --- [restartedMain] o.s.m.s.b.SimpleBrokerMessageHandler     : BrokerAvailabilityEvent[available=true, SimpleBrokerMessageHandler [org.springframework.messaging.simp.broker.DefaultSubscriptionRegistry@23b5b72e]]
2026-02-09 19:08:41.050  INFO 54391 --- [restartedMain] o.s.m.s.b.SimpleBrokerMessageHandler     : Started.
2026-02-09 19:08:41.051  INFO 54391 --- [restartedMain] com.meomulm.MeomulmBackendApplication    : Started MeomulmBackendApplication in 0.602 seconds (process running for 1066.529)
2026-02-09 19:08:41.052  INFO 54391 --- [restartedMain] .ConditionEvaluationDeltaLoggingListener : Condition evaluation unchanged
2026-02-09 19:09:41.054  INFO 54391 --- [MessageBroker-1] o.s.w.s.c.WebSocketMessageBrokerStats    : WebSocketSession[0 current WS(0)-HttpStream(0)-HttpPoll(0), 0 total, 0 closed abnormally (0 connect failure, 0 send limit, 0 transport error)], stompSubProtocol[processed CONNECT(0)-CONNECTED(0)-DISCONNECT(0)], stompBrokerRelay[null], inboundChannel[pool size = 0, active threads = 0, queued tasks = 0, completed tasks = 0], outboundChannel[pool size = 0, active threads = 0, queued tasks = 0, completed tasks = 0], sockJsScheduler[pool size = 4, active threads = 1, queued tasks = 3, completed tasks = 0]
2026-02-09 19:11:19.099  INFO 54391 --- [File Watcher] rtingClassPathChangeChangedEventListener : Restarting due to 14 class path changes (0 additions, 0 deletions, 14 modifications)
2026-02-09 19:11:19.108  INFO 54391 --- [Thread-20] o.s.m.s.b.SimpleBrokerMessageHandler     : Stopping...
2026-02-09 19:11:19.108  INFO 54391 --- [Thread-20] o.s.m.s.b.SimpleBrokerMessageHandler     : BrokerAvailabilityEvent[available=false, SimpleBrokerMessageHandler [org.springframework.messaging.simp.broker.DefaultSubscriptionRegistry@23b5b72e]]
2026-02-09 19:11:19.108  INFO 54391 --- [Thread-20] o.s.m.s.b.SimpleBrokerMessageHandler     : Stopped.
2026-02-09 19:11:19.201  INFO 54391 --- [restartedMain] com.meomulm.MeomulmBackendApplication    : Starting MeomulmBackendApplication using Java 21.0.8 with PID 54391 (/Users/svv/Downloads/full_stack/TeamProject/momum/meomulm-backend/build/classes/java/main started by svv in /Users/svv/Downloads/full_stack/TeamProject/momum/meomulm-backend)
2026-02-09 19:11:19.201  INFO 54391 --- [restartedMain] com.meomulm.MeomulmBackendApplication    : No active profile set, falling back to 1 default profile: "default"
2026-02-09 19:11:19.403  INFO 54391 --- [restartedMain] o.s.b.w.embedded.tomcat.TomcatWebServer  : Tomcat initialized with port 8080 (http)
2026-02-09 19:11:19.404  INFO 54391 --- [restartedMain] o.apache.catalina.core.StandardService   : Starting service [Tomcat]
2026-02-09 19:11:19.404  INFO 54391 --- [restartedMain] o.apache.catalina.core.StandardEngine    : Starting Servlet engine: [Apache Tomcat/10.1.17]
2026-02-09 19:11:19.408  INFO 54391 --- [restartedMain] o.a.c.c.C.[Tomcat].[localhost].[/]       : Initializing Spring embedded WebApplicationContext
2026-02-09 19:11:19.408  INFO 54391 --- [restartedMain] w.s.c.ServletWebServerApplicationContext : Root WebApplicationContext: initialization completed in 206 ms
2026-02-09 19:11:19.661  WARN 54391 --- [restartedMain] .s.s.UserDetailsServiceAutoConfiguration : 

Using generated security password: ed6cd143-0382-4bd5-8918-04c887718b7a

This generated password is for development use only. Your security configuration must be updated before running your application in production.

2026-02-09 19:11:19.745  INFO 54391 --- [restartedMain] o.s.s.web.DefaultSecurityFilterChain     : Will secure any request with [org.springframework.security.web.session.DisableEncodeUrlFilter@3c61329f, org.springframework.security.web.context.request.async.WebAsyncManagerIntegrationFilter@435c41e0, org.springframework.security.web.context.SecurityContextHolderFilter@1713fbc6, org.springframework.security.web.header.HeaderWriterFilter@59c541ef, org.springframework.web.filter.CorsFilter@5c6f05c8, org.springframework.security.web.authentication.logout.LogoutFilter@5fb41ec5, com.meomulm.common.config.JwtAuthenticationFilter@7b05109c, org.springframework.security.web.savedrequest.RequestCacheAwareFilter@716fd7bf, org.springframework.security.web.servletapi.SecurityContextHolderAwareRequestFilter@2d62a44, org.springframework.security.web.authentication.AnonymousAuthenticationFilter@4cc64bc9, org.springframework.security.web.session.SessionManagementFilter@5f214a62, org.springframework.security.web.access.ExceptionTranslationFilter@3c7b5c3f, org.springframework.security.web.access.intercept.AuthorizationFilter@635e6ce0]
2026-02-09 19:11:19.881  INFO 54391 --- [restartedMain] o.s.b.d.a.OptionalLiveReloadServer       : LiveReload server is running on port 35729
2026-02-09 19:11:19.887  INFO 54391 --- [restartedMain] o.s.b.w.embedded.tomcat.TomcatWebServer  : Tomcat started on port 8080 (http) with context path ''
2026-02-09 19:11:19.888  INFO 54391 --- [restartedMain] o.s.m.s.b.SimpleBrokerMessageHandler     : Starting...
2026-02-09 19:11:19.888  INFO 54391 --- [restartedMain] o.s.m.s.b.SimpleBrokerMessageHandler     : BrokerAvailabilityEvent[available=true, SimpleBrokerMessageHandler [org.springframework.messaging.simp.broker.DefaultSubscriptionRegistry@66ef41fb]]
2026-02-09 19:11:19.888  INFO 54391 --- [restartedMain] o.s.m.s.b.SimpleBrokerMessageHandler     : Started.
2026-02-09 19:11:19.890  INFO 54391 --- [restartedMain] com.meomulm.MeomulmBackendApplication    : Started MeomulmBackendApplication in 0.711 seconds (process running for 1225.368)
2026-02-09 19:11:19.890  INFO 54391 --- [restartedMain] .ConditionEvaluationDeltaLoggingListener : Condition evaluation unchanged
2026-02-09 19:12:19.892  INFO 54391 --- [MessageBroker-1] o.s.w.s.c.WebSocketMessageBrokerStats    : WebSocketSession[0 current WS(0)-HttpStream(0)-HttpPoll(0), 0 total, 0 closed abnormally (0 connect failure, 0 send limit, 0 transport error)], stompSubProtocol[processed CONNECT(0)-CONNECTED(0)-DISCONNECT(0)], stompBrokerRelay[null], inboundChannel[pool size = 0, active threads = 0, queued tasks = 0, completed tasks = 0], outboundChannel[pool size = 0, active threads = 0, queued tasks = 0, completed tasks = 0], sockJsScheduler[pool size = 4, active threads = 1, queued tasks = 3, completed tasks = 0]
2026-02-09 19:13:37.800  INFO 54391 --- [File Watcher] rtingClassPathChangeChangedEventListener : Restarting due to 14 class path changes (0 additions, 0 deletions, 14 modifications)
2026-02-09 19:13:37.809  INFO 54391 --- [Thread-24] o.s.m.s.b.SimpleBrokerMessageHandler     : Stopping...
2026-02-09 19:13:37.809  INFO 54391 --- [Thread-24] o.s.m.s.b.SimpleBrokerMessageHandler     : BrokerAvailabilityEvent[available=false, SimpleBrokerMessageHandler [org.springframework.messaging.simp.broker.DefaultSubscriptionRegistry@66ef41fb]]
2026-02-09 19:13:37.809  INFO 54391 --- [Thread-24] o.s.m.s.b.SimpleBrokerMessageHandler     : Stopped.
2026-02-09 19:13:37.905  INFO 54391 --- [restartedMain] com.meomulm.MeomulmBackendApplication    : Starting MeomulmBackendApplication using Java 21.0.8 with PID 54391 (/Users/svv/Downloads/full_stack/TeamProject/momum/meomulm-backend/build/classes/java/main started by svv in /Users/svv/Downloads/full_stack/TeamProject/momum/meomulm-backend)
2026-02-09 19:13:37.905  INFO 54391 --- [restartedMain] com.meomulm.MeomulmBackendApplication    : No active profile set, falling back to 1 default profile: "default"
2026-02-09 19:13:38.091  INFO 54391 --- [restartedMain] o.s.b.w.embedded.tomcat.TomcatWebServer  : Tomcat initialized with port 8080 (http)
2026-02-09 19:13:38.091  INFO 54391 --- [restartedMain] o.apache.catalina.core.StandardService   : Starting service [Tomcat]
2026-02-09 19:13:38.091  INFO 54391 --- [restartedMain] o.apache.catalina.core.StandardEngine    : Starting Servlet engine: [Apache Tomcat/10.1.17]
2026-02-09 19:13:38.094  INFO 54391 --- [restartedMain] o.a.c.c.C.[Tomcat].[localhost].[/]       : Initializing Spring embedded WebApplicationContext
2026-02-09 19:13:38.094  INFO 54391 --- [restartedMain] w.s.c.ServletWebServerApplicationContext : Root WebApplicationContext: initialization completed in 188 ms
2026-02-09 19:13:38.257  WARN 54391 --- [restartedMain] .s.s.UserDetailsServiceAutoConfiguration : 

Using generated security password: 764a3d61-ff07-44f9-9832-baff03d525a3

This generated password is for development use only. Your security configuration must be updated before running your application in production.

2026-02-09 19:13:38.337  INFO 54391 --- [restartedMain] o.s.s.web.DefaultSecurityFilterChain     : Will secure any request with [org.springframework.security.web.session.DisableEncodeUrlFilter@6d9930e7, org.springframework.security.web.context.request.async.WebAsyncManagerIntegrationFilter@629e4b6e, org.springframework.security.web.context.SecurityContextHolderFilter@5451bfeb, org.springframework.security.web.header.HeaderWriterFilter@61d1d31f, org.springframework.web.filter.CorsFilter@743b5286, org.springframework.security.web.authentication.logout.LogoutFilter@5dfa5e44, com.meomulm.common.config.JwtAuthenticationFilter@4f02b7fe, org.springframework.security.web.savedrequest.RequestCacheAwareFilter@57b0cb05, org.springframework.security.web.servletapi.SecurityContextHolderAwareRequestFilter@3816a3c7, org.springframework.security.web.authentication.AnonymousAuthenticationFilter@432c68cc, org.springframework.security.web.session.SessionManagementFilter@26034498, org.springframework.security.web.access.ExceptionTranslationFilter@29055cf8, org.springframework.security.web.access.intercept.AuthorizationFilter@1c6dcd9]
2026-02-09 19:13:38.454  INFO 54391 --- [restartedMain] o.s.b.d.a.OptionalLiveReloadServer       : LiveReload server is running on port 35729
2026-02-09 19:13:38.461  INFO 54391 --- [restartedMain] o.s.b.w.embedded.tomcat.TomcatWebServer  : Tomcat started on port 8080 (http) with context path ''
2026-02-09 19:13:38.461  INFO 54391 --- [restartedMain] o.s.m.s.b.SimpleBrokerMessageHandler     : Starting...
2026-02-09 19:13:38.461  INFO 54391 --- [restartedMain] o.s.m.s.b.SimpleBrokerMessageHandler     : BrokerAvailabilityEvent[available=true, SimpleBrokerMessageHandler [org.springframework.messaging.simp.broker.DefaultSubscriptionRegistry@6faf886e]]
2026-02-09 19:13:38.462  INFO 54391 --- [restartedMain] o.s.m.s.b.SimpleBrokerMessageHandler     : Started.
2026-02-09 19:13:38.464  INFO 54391 --- [restartedMain] com.meomulm.MeomulmBackendApplication    : Started MeomulmBackendApplication in 0.571 seconds (process running for 1363.943)
2026-02-09 19:13:38.464  INFO 54391 --- [restartedMain] .ConditionEvaluationDeltaLoggingListener : Condition evaluation unchanged
2026-02-09 19:14:38.465  INFO 54391 --- [MessageBroker-1] o.s.w.s.c.WebSocketMessageBrokerStats    : WebSocketSession[0 current WS(0)-HttpStream(0)-HttpPoll(0), 0 total, 0 closed abnormally (0 connect failure, 0 send limit, 0 transport error)], stompSubProtocol[processed CONNECT(0)-CONNECTED(0)-DISCONNECT(0)], stompBrokerRelay[null], inboundChannel[pool size = 0, active threads = 0, queued tasks = 0, completed tasks = 0], outboundChannel[pool size = 0, active threads = 0, queued tasks = 0, completed tasks = 0], sockJsScheduler[pool size = 4, active threads = 1, queued tasks = 3, completed tasks = 0]
2026-02-09 19:34:36.869  INFO 54391 --- [SpringApplicationShutdownHook] o.s.m.s.b.SimpleBrokerMessageHandler     : Stopping...
2026-02-09 19:34:36.873  INFO 54391 --- [SpringApplicationShutdownHook] o.s.m.s.b.SimpleBrokerMessageHandler     : BrokerAvailabilityEvent[available=false, SimpleBrokerMessageHandler [org.springframework.messaging.simp.broker.DefaultSubscriptionRegistry@6faf886e]]
2026-02-09 19:34:36.873  INFO 54391 --- [SpringApplicationShutdownHook] o.s.m.s.b.SimpleBrokerMessageHandler     : Stopped.
2026-02-09 19:34:40.396  INFO 57242 --- [restartedMain] com.meomulm.MeomulmBackendApplication    : Starting MeomulmBackendApplication using Java 21.0.8 with PID 57242 (/Users/svv/Downloads/full_stack/TeamProject/momum/meomulm-backend/build/classes/java/main started by svv in /Users/svv/Downloads/full_stack/TeamProject/momum/meomulm-backend)
2026-02-09 19:34:40.396  INFO 57242 --- [restartedMain] com.meomulm.MeomulmBackendApplication    : No active profile set, falling back to 1 default profile: "default"
2026-02-09 19:34:40.415  INFO 57242 --- [restartedMain] .e.DevToolsPropertyDefaultsPostProcessor : Devtools property defaults active! Set 'spring.devtools.add-properties' to 'false' to disable
2026-02-09 19:34:40.415  INFO 57242 --- [restartedMain] .e.DevToolsPropertyDefaultsPostProcessor : For additional web related logging consider setting the 'logging.level.web' property to 'DEBUG'
2026-02-09 19:34:41.063  INFO 57242 --- [restartedMain] o.s.b.w.embedded.tomcat.TomcatWebServer  : Tomcat initialized with port 8080 (http)
2026-02-09 19:34:41.071  INFO 57242 --- [restartedMain] o.apache.catalina.core.StandardService   : Starting service [Tomcat]
2026-02-09 19:34:41.072  INFO 57242 --- [restartedMain] o.apache.catalina.core.StandardEngine    : Starting Servlet engine: [Apache Tomcat/10.1.17]
2026-02-09 19:34:41.088  INFO 57242 --- [restartedMain] o.a.c.c.C.[Tomcat].[localhost].[/]       : Initializing Spring embedded WebApplicationContext
2026-02-09 19:34:41.088  INFO 57242 --- [restartedMain] w.s.c.ServletWebServerApplicationContext : Root WebApplicationContext: initialization completed in 673 ms
2026-02-09 19:34:41.453  WARN 57242 --- [restartedMain] .s.s.UserDetailsServiceAutoConfiguration : 

Using generated security password: 532e1c3b-d518-491a-bcbc-edb61d1fed87

This generated password is for development use only. Your security configuration must be updated before running your application in production.

2026-02-09 19:34:41.611  INFO 57242 --- [restartedMain] o.s.s.web.DefaultSecurityFilterChain     : Will secure any request with [org.springframework.security.web.session.DisableEncodeUrlFilter@28b1a9d6, org.springframework.security.web.context.request.async.WebAsyncManagerIntegrationFilter@43414ccc, org.springframework.security.web.context.SecurityContextHolderFilter@5a50c2d5, org.springframework.security.web.header.HeaderWriterFilter@3c31fb38, org.springframework.web.filter.CorsFilter@3adb050e, org.springframework.security.web.authentication.logout.LogoutFilter@68b1171e, com.meomulm.common.config.JwtAuthenticationFilter@2e450e86, org.springframework.security.web.savedrequest.RequestCacheAwareFilter@5c2a2213, org.springframework.security.web.servletapi.SecurityContextHolderAwareRequestFilter@35fdaba3, org.springframework.security.web.authentication.AnonymousAuthenticationFilter@669186b4, org.springframework.security.web.session.SessionManagementFilter@6c1dd6bd, org.springframework.security.web.access.ExceptionTranslationFilter@1c8bd4f, org.springframework.security.web.access.intercept.AuthorizationFilter@46f7f298]
2026-02-09 19:34:41.803  INFO 57242 --- [restartedMain] o.s.b.d.a.OptionalLiveReloadServer       : LiveReload server is running on port 35729
2026-02-09 19:34:41.820  INFO 57242 --- [restartedMain] o.s.b.w.embedded.tomcat.TomcatWebServer  : Tomcat started on port 8080 (http) with context path ''
2026-02-09 19:34:41.821  INFO 57242 --- [restartedMain] o.s.m.s.b.SimpleBrokerMessageHandler     : Starting...
2026-02-09 19:34:41.821  INFO 57242 --- [restartedMain] o.s.m.s.b.SimpleBrokerMessageHandler     : BrokerAvailabilityEvent[available=true, SimpleBrokerMessageHandler [org.springframework.messaging.simp.broker.DefaultSubscriptionRegistry@30d14977]]
2026-02-09 19:34:41.821  INFO 57242 --- [restartedMain] o.s.m.s.b.SimpleBrokerMessageHandler     : Started.
2026-02-09 19:34:41.827  INFO 57242 --- [restartedMain] com.meomulm.MeomulmBackendApplication    : Started MeomulmBackendApplication in 1.63 seconds (process running for 2.106)
2026-02-09 19:35:41.837  INFO 57242 --- [MessageBroker-1] o.s.w.s.c.WebSocketMessageBrokerStats    : WebSocketSession[0 current WS(0)-HttpStream(0)-HttpPoll(0), 0 total, 0 closed abnormally (0 connect failure, 0 send limit, 0 transport error)], stompSubProtocol[processed CONNECT(0)-CONNECTED(0)-DISCONNECT(0)], stompBrokerRelay[null], inboundChannel[pool size = 0, active threads = 0, queued tasks = 0, completed tasks = 0], outboundChannel[pool size = 0, active threads = 0, queued tasks = 0, completed tasks = 0], sockJsScheduler[pool size = 4, active threads = 1, queued tasks = 3, completed tasks = 0]
2026-02-09 19:35:54.735  INFO 57242 --- [http-nio-0.0.0.0-8080-exec-1] o.a.c.c.C.[Tomcat].[localhost].[/]       : Initializing Spring DispatcherServlet 'dispatcherServlet'
2026-02-09 19:35:54.736  INFO 57242 --- [http-nio-0.0.0.0-8080-exec-1] o.s.web.servlet.DispatcherServlet        : Initializing Servlet 'dispatcherServlet'
2026-02-09 19:35:54.739  INFO 57242 --- [http-nio-0.0.0.0-8080-exec-1] o.s.web.servlet.DispatcherServlet        : Completed initialization in 3 ms
2026-02-09 19:35:54.816  INFO 57242 --- [http-nio-0.0.0.0-8080-exec-1] com.meomulm.common.config.WebSocket      : 새로운 STOMP 연결 시도 발견!
2026-02-09 19:39:53.025  INFO 57242 --- [File Watcher] rtingClassPathChangeChangedEventListener : Restarting due to 1 class path change (0 additions, 1 deletion, 0 modifications)
2026-02-09 19:39:53.134  WARN 57242 --- [Thread-5] w.s.h.ExceptionWebSocketHandlerDecorator : Unhandled exception after connection closed for ExceptionWebSocketHandlerDecorator [delegate=LoggingWebSocketHandlerDecorator [delegate=SubProtocolWebSocketHandler[StompSubProtocolHandler[v10.stomp, v11.stomp, v12.stomp]]]]

org.springframework.messaging.MessageDeliveryException: Failed to send message to ExecutorSubscribableChannel[clientInboundChannel]
	at org.springframework.messaging.support.AbstractMessageChannel.send(AbstractMessageChannel.java:149)
	at org.springframework.messaging.support.AbstractMessageChannel.send(AbstractMessageChannel.java:125)
	at org.springframework.web.socket.messaging.StompSubProtocolHandler.afterSessionEnded(StompSubProtocolHandler.java:685)
	at org.springframework.web.socket.messaging.SubProtocolWebSocketHandler.clearSession(SubProtocolWebSocketHandler.java:531)
	at org.springframework.web.socket.messaging.SubProtocolWebSocketHandler.afterConnectionClosed(SubProtocolWebSocketHandler.java:400)
	at org.springframework.web.socket.handler.WebSocketHandlerDecorator.afterConnectionClosed(WebSocketHandlerDecorator.java:85)
	at org.springframework.web.socket.handler.LoggingWebSocketHandlerDecorator.afterConnectionClosed(LoggingWebSocketHandlerDecorator.java:72)
	at org.springframework.web.socket.handler.ExceptionWebSocketHandlerDecorator.afterConnectionClosed(ExceptionWebSocketHandlerDecorator.java:78)
	at org.springframework.web.socket.adapter.standard.StandardWebSocketHandlerAdapter.onClose(StandardWebSocketHandlerAdapter.java:144)
	at org.apache.tomcat.websocket.WsSession.fireEndpointOnClose(WsSession.java:662)
	at org.apache.tomcat.websocket.WsSession.doClose(WsSession.java:588)
	at org.apache.tomcat.websocket.WsSession.doClose(WsSession.java:554)
	at org.apache.tomcat.websocket.WsSession.close(WsSession.java:542)
	at org.springframework.web.socket.adapter.standard.StandardWebSocketSession.closeInternal(StandardWebSocketSession.java:235)
	at org.springframework.web.socket.adapter.AbstractWebSocketSession.close(AbstractWebSocketSession.java:144)
	at org.springframework.web.socket.handler.WebSocketSessionDecorator.close(WebSocketSessionDecorator.java:160)
	at org.springframework.web.socket.handler.ConcurrentWebSocketSessionDecorator.close(ConcurrentWebSocketSessionDecorator.java:271)
	at org.springframework.web.socket.messaging.SubProtocolWebSocketHandler.stop(SubProtocolWebSocketHandler.java:289)
	at org.springframework.web.socket.messaging.SubProtocolWebSocketHandler.stop(SubProtocolWebSocketHandler.java:302)
	at org.springframework.context.support.DefaultLifecycleProcessor.doStop(DefaultLifecycleProcessor.java:344)
	at org.springframework.context.support.DefaultLifecycleProcessor$LifecycleGroup.stop(DefaultLifecycleProcessor.java:483)
	at java.base/java.lang.Iterable.forEach(Iterable.java:75)
	at org.springframework.context.support.DefaultLifecycleProcessor.stopBeans(DefaultLifecycleProcessor.java:313)
	at org.springframework.context.support.DefaultLifecycleProcessor.onClose(DefaultLifecycleProcessor.java:214)
	at org.springframework.context.support.AbstractApplicationContext.doClose(AbstractApplicationContext.java:1137)
	at org.springframework.boot.web.servlet.context.ServletWebServerApplicationContext.doClose(ServletWebServerApplicationContext.java:174)
	at org.springframework.context.support.AbstractApplicationContext.close(AbstractApplicationContext.java:1091)
	at org.springframework.boot.devtools.restart.Restarter.stop(Restarter.java:308)
	at org.springframework.boot.devtools.restart.Restarter.lambda$restart$1(Restarter.java:250)
	at org.springframework.boot.devtools.restart.Restarter$LeakSafeThread.run(Restarter.java:607)
Caused by: org.springframework.core.task.TaskRejectedException: ExecutorService in shutdown state did not accept task: org.springframework.messaging.support.ExecutorSubscribableChannel$SendTask@12089c0d
	at org.springframework.scheduling.concurrent.ThreadPoolTaskExecutor.execute(ThreadPoolTaskExecutor.java:365)
	at org.springframework.messaging.support.ExecutorSubscribableChannel.sendInternal(ExecutorSubscribableChannel.java:103)
	at org.springframework.messaging.support.AbstractMessageChannel.send(AbstractMessageChannel.java:139)
	... 29 common frames omitted
Caused by: java.util.concurrent.RejectedExecutionException: Task org.springframework.messaging.support.ExecutorSubscribableChannel$SendTask@12089c0d rejected from org.springframework.scheduling.concurrent.ThreadPoolTaskExecutor$1@1810ac44[Terminated, pool size = 0, active threads = 0, queued tasks = 0, completed tasks = 9]
	at java.base/java.util.concurrent.ThreadPoolExecutor$AbortPolicy.rejectedExecution(ThreadPoolExecutor.java:2081)
	at java.base/java.util.concurrent.ThreadPoolExecutor.reject(ThreadPoolExecutor.java:841)
	at java.base/java.util.concurrent.ThreadPoolExecutor.execute(ThreadPoolExecutor.java:1376)
	at org.springframework.scheduling.concurrent.ThreadPoolTaskExecutor$1.execute(ThreadPoolTaskExecutor.java:269)
	at org.springframework.scheduling.concurrent.ThreadPoolTaskExecutor.execute(ThreadPoolTaskExecutor.java:362)
	... 31 common frames omitted

2026-02-09 19:39:53.264  INFO 57242 --- [Thread-5] o.s.m.s.b.SimpleBrokerMessageHandler     : Stopping...
2026-02-09 19:39:53.266  INFO 57242 --- [Thread-5] o.s.m.s.b.SimpleBrokerMessageHandler     : BrokerAvailabilityEvent[available=false, SimpleBrokerMessageHandler [org.springframework.messaging.simp.broker.DefaultSubscriptionRegistry@30d14977]]
2026-02-09 19:39:53.266  INFO 57242 --- [Thread-5] o.s.m.s.b.SimpleBrokerMessageHandler     : Stopped.
2026-02-09 19:39:53.505  INFO 57242 --- [restartedMain] com.meomulm.MeomulmBackendApplication    : Starting MeomulmBackendApplication using Java 21.0.8 with PID 57242 (/Users/svv/Downloads/full_stack/TeamProject/momum/meomulm-backend/build/classes/java/main started by svv in /Users/svv/Downloads/full_stack/TeamProject/momum/meomulm-backend)
2026-02-09 19:39:53.506  INFO 57242 --- [restartedMain] com.meomulm.MeomulmBackendApplication    : No active profile set, falling back to 1 default profile: "default"
2026-02-09 19:39:53.829  INFO 57242 --- [restartedMain] o.s.b.w.embedded.tomcat.TomcatWebServer  : Tomcat initialized with port 8080 (http)
2026-02-09 19:39:53.830  INFO 57242 --- [restartedMain] o.apache.catalina.core.StandardService   : Starting service [Tomcat]
2026-02-09 19:39:53.830  INFO 57242 --- [restartedMain] o.apache.catalina.core.StandardEngine    : Starting Servlet engine: [Apache Tomcat/10.1.17]
2026-02-09 19:39:53.834  INFO 57242 --- [restartedMain] o.a.c.c.C.[Tomcat].[localhost].[/]       : Initializing Spring embedded WebApplicationContext
2026-02-09 19:39:53.835  INFO 57242 --- [restartedMain] w.s.c.ServletWebServerApplicationContext : Root WebApplicationContext: initialization completed in 326 ms
2026-02-09 19:39:54.045  WARN 57242 --- [restartedMain] .s.s.UserDetailsServiceAutoConfiguration : 

Using generated security password: 41c956c9-d15d-4dd0-bc51-b7d5ec32605b

This generated password is for development use only. Your security configuration must be updated before running your application in production.

2026-02-09 19:39:54.158  INFO 57242 --- [restartedMain] o.s.s.web.DefaultSecurityFilterChain     : Will secure any request with [org.springframework.security.web.session.DisableEncodeUrlFilter@3c200dac, org.springframework.security.web.context.request.async.WebAsyncManagerIntegrationFilter@4ee3777d, org.springframework.security.web.context.SecurityContextHolderFilter@3a18a5cc, org.springframework.security.web.header.HeaderWriterFilter@d2833b1, org.springframework.web.filter.CorsFilter@1e3f0518, org.springframework.security.web.authentication.logout.LogoutFilter@7a911409, com.meomulm.common.config.JwtAuthenticationFilter@2f2394ab, org.springframework.security.web.savedrequest.RequestCacheAwareFilter@1b90a530, org.springframework.security.web.servletapi.SecurityContextHolderAwareRequestFilter@5769a848, org.springframework.security.web.authentication.AnonymousAuthenticationFilter@5abfda3f, org.springframework.security.web.session.SessionManagementFilter@615676b8, org.springframework.security.web.access.ExceptionTranslationFilter@68992611, org.springframework.security.web.access.intercept.AuthorizationFilter@7e875878]
2026-02-09 19:39:54.314  INFO 57242 --- [restartedMain] o.s.b.d.a.OptionalLiveReloadServer       : LiveReload server is running on port 35729
2026-02-09 19:39:54.321  INFO 57242 --- [restartedMain] o.s.b.w.embedded.tomcat.TomcatWebServer  : Tomcat started on port 8080 (http) with context path ''
2026-02-09 19:39:54.321  INFO 57242 --- [restartedMain] o.s.m.s.b.SimpleBrokerMessageHandler     : Starting...
2026-02-09 19:39:54.321  INFO 57242 --- [restartedMain] o.s.m.s.b.SimpleBrokerMessageHandler     : BrokerAvailabilityEvent[available=true, SimpleBrokerMessageHandler [org.springframework.messaging.simp.broker.DefaultSubscriptionRegistry@a87c444]]
2026-02-09 19:39:54.321  INFO 57242 --- [restartedMain] o.s.m.s.b.SimpleBrokerMessageHandler     : Started.
2026-02-09 19:39:54.323  INFO 57242 --- [restartedMain] com.meomulm.MeomulmBackendApplication    : Started MeomulmBackendApplication in 0.849 seconds (process running for 314.605)
2026-02-09 19:39:54.324  INFO 57242 --- [restartedMain] .ConditionEvaluationDeltaLoggingListener : Condition evaluation unchanged
2026-02-09 19:39:55.744  INFO 57242 --- [File Watcher] rtingClassPathChangeChangedEventListener : Restarting due to 1 class path change (1 addition, 0 deletions, 0 modifications)
2026-02-09 19:39:55.747  INFO 57242 --- [Thread-8] o.s.m.s.b.SimpleBrokerMessageHandler     : Stopping...
2026-02-09 19:39:55.748  INFO 57242 --- [Thread-8] o.s.m.s.b.SimpleBrokerMessageHandler     : BrokerAvailabilityEvent[available=false, SimpleBrokerMessageHandler [org.springframework.messaging.simp.broker.DefaultSubscriptionRegistry@a87c444]]
2026-02-09 19:39:55.748  INFO 57242 --- [Thread-8] o.s.m.s.b.SimpleBrokerMessageHandler     : Stopped.
2026-02-09 19:39:55.804  INFO 57242 --- [restartedMain] com.meomulm.MeomulmBackendApplication    : Starting MeomulmBackendApplication using Java 21.0.8 with PID 57242 (/Users/svv/Downloads/full_stack/TeamProject/momum/meomulm-backend/build/classes/java/main started by svv in /Users/svv/Downloads/full_stack/TeamProject/momum/meomulm-backend)
2026-02-09 19:39:55.804  INFO 57242 --- [restartedMain] com.meomulm.MeomulmBackendApplication    : No active profile set, falling back to 1 default profile: "default"
2026-02-09 19:39:55.958  INFO 57242 --- [restartedMain] o.s.b.w.embedded.tomcat.TomcatWebServer  : Tomcat initialized with port 8080 (http)
2026-02-09 19:39:55.959  INFO 57242 --- [restartedMain] o.apache.catalina.core.StandardService   : Starting service [Tomcat]
2026-02-09 19:39:55.959  INFO 57242 --- [restartedMain] o.apache.catalina.core.StandardEngine    : Starting Servlet engine: [Apache Tomcat/10.1.17]
2026-02-09 19:39:55.963  INFO 57242 --- [restartedMain] o.a.c.c.C.[Tomcat].[localhost].[/]       : Initializing Spring embedded WebApplicationContext
2026-02-09 19:39:55.963  INFO 57242 --- [restartedMain] w.s.c.ServletWebServerApplicationContext : Root WebApplicationContext: initialization completed in 158 ms
2026-02-09 19:39:56.143  WARN 57242 --- [restartedMain] .s.s.UserDetailsServiceAutoConfiguration : 

Using generated security password: 7967f5ab-b8d1-4f95-8753-085cc98528bc

This generated password is for development use only. Your security configuration must be updated before running your application in production.

2026-02-09 19:39:56.229  INFO 57242 --- [restartedMain] o.s.s.web.DefaultSecurityFilterChain     : Will secure any request with [org.springframework.security.web.session.DisableEncodeUrlFilter@616921d3, org.springframework.security.web.context.request.async.WebAsyncManagerIntegrationFilter@61f6f2f3, org.springframework.security.web.context.SecurityContextHolderFilter@4255114b, org.springframework.security.web.header.HeaderWriterFilter@726874ca, org.springframework.web.filter.CorsFilter@e54eb31, org.springframework.security.web.authentication.logout.LogoutFilter@69dd284d, com.meomulm.common.config.JwtAuthenticationFilter@63fb7d53, org.springframework.security.web.savedrequest.RequestCacheAwareFilter@d1d85af, org.springframework.security.web.servletapi.SecurityContextHolderAwareRequestFilter@3c626ee2, org.springframework.security.web.authentication.AnonymousAuthenticationFilter@1d649318, org.springframework.security.web.session.SessionManagementFilter@3ba092ae, org.springframework.security.web.access.ExceptionTranslationFilter@1e9a23a5, org.springframework.security.web.access.intercept.AuthorizationFilter@27b692b9]
2026-02-09 19:39:56.346  INFO 57242 --- [restartedMain] o.s.b.d.a.OptionalLiveReloadServer       : LiveReload server is running on port 35729
2026-02-09 19:39:56.353  INFO 57242 --- [restartedMain] o.s.b.w.embedded.tomcat.TomcatWebServer  : Tomcat started on port 8080 (http) with context path ''
2026-02-09 19:39:56.353  INFO 57242 --- [restartedMain] o.s.m.s.b.SimpleBrokerMessageHandler     : Starting...
2026-02-09 19:39:56.353  INFO 57242 --- [restartedMain] o.s.m.s.b.SimpleBrokerMessageHandler     : BrokerAvailabilityEvent[available=true, SimpleBrokerMessageHandler [org.springframework.messaging.simp.broker.DefaultSubscriptionRegistry@24b3c8a0]]
2026-02-09 19:39:56.353  INFO 57242 --- [restartedMain] o.s.m.s.b.SimpleBrokerMessageHandler     : Started.
2026-02-09 19:39:56.355  INFO 57242 --- [restartedMain] com.meomulm.MeomulmBackendApplication    : Started MeomulmBackendApplication in 0.565 seconds (process running for 316.636)
2026-02-09 19:39:56.356  INFO 57242 --- [restartedMain] .ConditionEvaluationDeltaLoggingListener : Condition evaluation unchanged
2026-02-09 19:39:59.182  INFO 57242 --- [http-nio-0.0.0.0-8080-exec-1] o.a.c.c.C.[Tomcat].[localhost].[/]       : Initializing Spring DispatcherServlet 'dispatcherServlet'
2026-02-09 19:39:59.183  INFO 57242 --- [http-nio-0.0.0.0-8080-exec-1] o.s.web.servlet.DispatcherServlet        : Initializing Servlet 'dispatcherServlet'
2026-02-09 19:39:59.186  INFO 57242 --- [http-nio-0.0.0.0-8080-exec-1] o.s.web.servlet.DispatcherServlet        : Completed initialization in 3 ms
2026-02-09 19:39:59.198  INFO 57242 --- [http-nio-0.0.0.0-8080-exec-2] com.meomulm.common.config.WebSocket      : 새로운 STOMP 연결 시도 발견!
2026-02-09 19:40:56.360  INFO 57242 --- [MessageBroker-1] o.s.w.s.c.WebSocketMessageBrokerStats    : WebSocketSession[1 current WS(1)-HttpStream(0)-HttpPoll(0), 1 total, 0 closed abnormally (0 connect failure, 0 send limit, 0 transport error)], stompSubProtocol[processed CONNECT(1)-CONNECTED(1)-DISCONNECT(0)], stompBrokerRelay[null], inboundChannel[pool size = 9, active threads = 0, queued tasks = 0, completed tasks = 9], outboundChannel[pool size = 1, active threads = 0, queued tasks = 0, completed tasks = 1], sockJsScheduler[pool size = 4, active threads = 1, queued tasks = 3, completed tasks = 0]
2026-02-09 19:48:59.887  INFO 57242 --- [File Watcher] rtingClassPathChangeChangedEventListener : Restarting due to 1 class path change (0 additions, 0 deletions, 1 modification)
2026-02-09 19:48:59.902  WARN 57242 --- [Thread-12] w.s.h.ExceptionWebSocketHandlerDecorator : Unhandled exception after connection closed for ExceptionWebSocketHandlerDecorator [delegate=LoggingWebSocketHandlerDecorator [delegate=SubProtocolWebSocketHandler[StompSubProtocolHandler[v10.stomp, v11.stomp, v12.stomp]]]]

org.springframework.messaging.MessageDeliveryException: Failed to send message to ExecutorSubscribableChannel[clientInboundChannel]
	at org.springframework.messaging.support.AbstractMessageChannel.send(AbstractMessageChannel.java:149)
	at org.springframework.messaging.support.AbstractMessageChannel.send(AbstractMessageChannel.java:125)
	at org.springframework.web.socket.messaging.StompSubProtocolHandler.afterSessionEnded(StompSubProtocolHandler.java:685)
	at org.springframework.web.socket.messaging.SubProtocolWebSocketHandler.clearSession(SubProtocolWebSocketHandler.java:531)
	at org.springframework.web.socket.messaging.SubProtocolWebSocketHandler.afterConnectionClosed(SubProtocolWebSocketHandler.java:400)
	at org.springframework.web.socket.handler.WebSocketHandlerDecorator.afterConnectionClosed(WebSocketHandlerDecorator.java:85)
	at org.springframework.web.socket.handler.LoggingWebSocketHandlerDecorator.afterConnectionClosed(LoggingWebSocketHandlerDecorator.java:72)
	at org.springframework.web.socket.handler.ExceptionWebSocketHandlerDecorator.afterConnectionClosed(ExceptionWebSocketHandlerDecorator.java:78)
	at org.springframework.web.socket.adapter.standard.StandardWebSocketHandlerAdapter.onClose(StandardWebSocketHandlerAdapter.java:144)
	at org.apache.tomcat.websocket.WsSession.fireEndpointOnClose(WsSession.java:662)
	at org.apache.tomcat.websocket.WsSession.doClose(WsSession.java:588)
	at org.apache.tomcat.websocket.WsSession.doClose(WsSession.java:554)
	at org.apache.tomcat.websocket.WsSession.close(WsSession.java:542)
	at org.springframework.web.socket.adapter.standard.StandardWebSocketSession.closeInternal(StandardWebSocketSession.java:235)
	at org.springframework.web.socket.adapter.AbstractWebSocketSession.close(AbstractWebSocketSession.java:144)
	at org.springframework.web.socket.handler.WebSocketSessionDecorator.close(WebSocketSessionDecorator.java:160)
	at org.springframework.web.socket.handler.ConcurrentWebSocketSessionDecorator.close(ConcurrentWebSocketSessionDecorator.java:271)
	at org.springframework.web.socket.messaging.SubProtocolWebSocketHandler.stop(SubProtocolWebSocketHandler.java:289)
	at org.springframework.web.socket.messaging.SubProtocolWebSocketHandler.stop(SubProtocolWebSocketHandler.java:302)
	at org.springframework.context.support.DefaultLifecycleProcessor.doStop(DefaultLifecycleProcessor.java:344)
	at org.springframework.context.support.DefaultLifecycleProcessor$LifecycleGroup.stop(DefaultLifecycleProcessor.java:483)
	at java.base/java.lang.Iterable.forEach(Iterable.java:75)
	at org.springframework.context.support.DefaultLifecycleProcessor.stopBeans(DefaultLifecycleProcessor.java:313)
	at org.springframework.context.support.DefaultLifecycleProcessor.onClose(DefaultLifecycleProcessor.java:214)
	at org.springframework.context.support.AbstractApplicationContext.doClose(AbstractApplicationContext.java:1137)
	at org.springframework.boot.web.servlet.context.ServletWebServerApplicationContext.doClose(ServletWebServerApplicationContext.java:174)
	at org.springframework.context.support.AbstractApplicationContext.close(AbstractApplicationContext.java:1091)
	at org.springframework.boot.devtools.restart.Restarter.stop(Restarter.java:308)
	at org.springframework.boot.devtools.restart.Restarter.lambda$restart$1(Restarter.java:250)
	at org.springframework.boot.devtools.restart.Restarter$LeakSafeThread.run(Restarter.java:607)
Caused by: org.springframework.core.task.TaskRejectedException: ExecutorService in shutdown state did not accept task: org.springframework.messaging.support.ExecutorSubscribableChannel$SendTask@352f8a58
	at org.springframework.scheduling.concurrent.ThreadPoolTaskExecutor.execute(ThreadPoolTaskExecutor.java:365)
	at org.springframework.messaging.support.ExecutorSubscribableChannel.sendInternal(ExecutorSubscribableChannel.java:103)
	at org.springframework.messaging.support.AbstractMessageChannel.send(AbstractMessageChannel.java:139)
	... 29 common frames omitted
Caused by: java.util.concurrent.RejectedExecutionException: Task org.springframework.messaging.support.ExecutorSubscribableChannel$SendTask@352f8a58 rejected from org.springframework.scheduling.concurrent.ThreadPoolTaskExecutor$1@5081a617[Terminated, pool size = 0, active threads = 0, queued tasks = 0, completed tasks = 9]
	at java.base/java.util.concurrent.ThreadPoolExecutor$AbortPolicy.rejectedExecution(ThreadPoolExecutor.java:2081)
	at java.base/java.util.concurrent.ThreadPoolExecutor.reject(ThreadPoolExecutor.java:841)
	at java.base/java.util.concurrent.ThreadPoolExecutor.execute(ThreadPoolExecutor.java:1376)
	at org.springframework.scheduling.concurrent.ThreadPoolTaskExecutor$1.execute(ThreadPoolTaskExecutor.java:269)
	at org.springframework.scheduling.concurrent.ThreadPoolTaskExecutor.execute(ThreadPoolTaskExecutor.java:362)
	... 31 common frames omitted

2026-02-09 19:48:59.903  INFO 57242 --- [Thread-12] o.s.m.s.b.SimpleBrokerMessageHandler     : Stopping...
2026-02-09 19:48:59.903  INFO 57242 --- [Thread-12] o.s.m.s.b.SimpleBrokerMessageHandler     : BrokerAvailabilityEvent[available=false, SimpleBrokerMessageHandler [org.springframework.messaging.simp.broker.DefaultSubscriptionRegistry@24b3c8a0]]
2026-02-09 19:48:59.903  INFO 57242 --- [Thread-12] o.s.m.s.b.SimpleBrokerMessageHandler     : Stopped.
2026-02-09 19:49:00.000  INFO 57242 --- [restartedMain] com.meomulm.MeomulmBackendApplication    : Starting MeomulmBackendApplication using Java 21.0.8 with PID 57242 (/Users/svv/Downloads/full_stack/TeamProject/momum/meomulm-backend/build/classes/java/main started by svv in /Users/svv/Downloads/full_stack/TeamProject/momum/meomulm-backend)
2026-02-09 19:49:00.000  INFO 57242 --- [restartedMain] com.meomulm.MeomulmBackendApplication    : No active profile set, falling back to 1 default profile: "default"
2026-02-09 19:49:00.249  INFO 57242 --- [restartedMain] o.s.b.w.embedded.tomcat.TomcatWebServer  : Tomcat initialized with port 8080 (http)
2026-02-09 19:49:00.250  INFO 57242 --- [restartedMain] o.apache.catalina.core.StandardService   : Starting service [Tomcat]
2026-02-09 19:49:00.250  INFO 57242 --- [restartedMain] o.apache.catalina.core.StandardEngine    : Starting Servlet engine: [Apache Tomcat/10.1.17]
2026-02-09 19:49:00.253  INFO 57242 --- [restartedMain] o.a.c.c.C.[Tomcat].[localhost].[/]       : Initializing Spring embedded WebApplicationContext
2026-02-09 19:49:00.253  INFO 57242 --- [restartedMain] w.s.c.ServletWebServerApplicationContext : Root WebApplicationContext: initialization completed in 252 ms
2026-02-09 19:49:00.430  WARN 57242 --- [restartedMain] .s.s.UserDetailsServiceAutoConfiguration : 

Using generated security password: 8abb5755-fab0-4e1e-ab51-c23e183df2ad

This generated password is for development use only. Your security configuration must be updated before running your application in production.

2026-02-09 19:49:00.515  INFO 57242 --- [restartedMain] o.s.s.web.DefaultSecurityFilterChain     : Will secure any request with [org.springframework.security.web.session.DisableEncodeUrlFilter@69101b79, org.springframework.security.web.context.request.async.WebAsyncManagerIntegrationFilter@6414859a, org.springframework.security.web.context.SecurityContextHolderFilter@513d43bd, org.springframework.security.web.header.HeaderWriterFilter@6906f1a4, org.springframework.web.filter.CorsFilter@8b6224f, org.springframework.security.web.authentication.logout.LogoutFilter@771f52cb, com.meomulm.common.config.JwtAuthenticationFilter@1786656f, org.springframework.security.web.savedrequest.RequestCacheAwareFilter@11122dcf, org.springframework.security.web.servletapi.SecurityContextHolderAwareRequestFilter@4fc77598, org.springframework.security.web.authentication.AnonymousAuthenticationFilter@6e87c997, org.springframework.security.web.session.SessionManagementFilter@14e2e451, org.springframework.security.web.access.ExceptionTranslationFilter@4fb1ebce, org.springframework.security.web.access.intercept.AuthorizationFilter@3fcb563]
2026-02-09 19:49:00.641  INFO 57242 --- [restartedMain] o.s.b.d.a.OptionalLiveReloadServer       : LiveReload server is running on port 35729
2026-02-09 19:49:00.647  INFO 57242 --- [restartedMain] o.s.b.w.embedded.tomcat.TomcatWebServer  : Tomcat started on port 8080 (http) with context path ''
2026-02-09 19:49:00.648  INFO 57242 --- [restartedMain] o.s.m.s.b.SimpleBrokerMessageHandler     : Starting...
2026-02-09 19:49:00.648  INFO 57242 --- [restartedMain] o.s.m.s.b.SimpleBrokerMessageHandler     : BrokerAvailabilityEvent[available=true, SimpleBrokerMessageHandler [org.springframework.messaging.simp.broker.DefaultSubscriptionRegistry@3e47a4af]]
2026-02-09 19:49:00.648  INFO 57242 --- [restartedMain] o.s.m.s.b.SimpleBrokerMessageHandler     : Started.
2026-02-09 19:49:00.649  INFO 57242 --- [restartedMain] com.meomulm.MeomulmBackendApplication    : Started MeomulmBackendApplication in 0.672 seconds (process running for 860.934)
2026-02-09 19:49:00.650  INFO 57242 --- [restartedMain] .ConditionEvaluationDeltaLoggingListener : Condition evaluation unchanged
2026-02-09 19:49:02.960  INFO 57242 --- [http-nio-0.0.0.0-8080-exec-1] o.a.c.c.C.[Tomcat].[localhost].[/]       : Initializing Spring DispatcherServlet 'dispatcherServlet'
2026-02-09 19:49:02.960  INFO 57242 --- [http-nio-0.0.0.0-8080-exec-1] o.s.web.servlet.DispatcherServlet        : Initializing Servlet 'dispatcherServlet'
2026-02-09 19:49:02.961  INFO 57242 --- [http-nio-0.0.0.0-8080-exec-1] o.s.web.servlet.DispatcherServlet        : Completed initialization in 1 ms
2026-02-09 19:49:02.969  INFO 57242 --- [http-nio-0.0.0.0-8080-exec-2] com.meomulm.common.config.WebSocket      : 새로운 STOMP 연결 시도 발견!
2026-02-09 19:50:00.652  INFO 57242 --- [MessageBroker-1] o.s.w.s.c.WebSocketMessageBrokerStats    : WebSocketSession[1 current WS(1)-HttpStream(0)-HttpPoll(0), 1 total, 0 closed abnormally (0 connect failure, 0 send limit, 0 transport error)], stompSubProtocol[processed CONNECT(1)-CONNECTED(1)-DISCONNECT(0)], stompBrokerRelay[null], inboundChannel[pool size = 9, active threads = 0, queued tasks = 0, completed tasks = 9], outboundChannel[pool size = 1, active threads = 0, queued tasks = 0, completed tasks = 1], sockJsScheduler[pool size = 4, active threads = 1, queued tasks = 3, completed tasks = 0]
2026-02-09 19:51:51.881  INFO 57242 --- [File Watcher] rtingClassPathChangeChangedEventListener : Restarting due to 14 class path changes (0 additions, 0 deletions, 14 modifications)
2026-02-09 19:51:51.891  WARN 57242 --- [Thread-17] w.s.h.ExceptionWebSocketHandlerDecorator : Unhandled exception after connection closed for ExceptionWebSocketHandlerDecorator [delegate=LoggingWebSocketHandlerDecorator [delegate=SubProtocolWebSocketHandler[StompSubProtocolHandler[v10.stomp, v11.stomp, v12.stomp]]]]

org.springframework.messaging.MessageDeliveryException: Failed to send message to ExecutorSubscribableChannel[clientInboundChannel]
	at org.springframework.messaging.support.AbstractMessageChannel.send(AbstractMessageChannel.java:149)
	at org.springframework.messaging.support.AbstractMessageChannel.send(AbstractMessageChannel.java:125)
	at org.springframework.web.socket.messaging.StompSubProtocolHandler.afterSessionEnded(StompSubProtocolHandler.java:685)
	at org.springframework.web.socket.messaging.SubProtocolWebSocketHandler.clearSession(SubProtocolWebSocketHandler.java:531)
	at org.springframework.web.socket.messaging.SubProtocolWebSocketHandler.afterConnectionClosed(SubProtocolWebSocketHandler.java:400)
	at org.springframework.web.socket.handler.WebSocketHandlerDecorator.afterConnectionClosed(WebSocketHandlerDecorator.java:85)
	at org.springframework.web.socket.handler.LoggingWebSocketHandlerDecorator.afterConnectionClosed(LoggingWebSocketHandlerDecorator.java:72)
	at org.springframework.web.socket.handler.ExceptionWebSocketHandlerDecorator.afterConnectionClosed(ExceptionWebSocketHandlerDecorator.java:78)
	at org.springframework.web.socket.adapter.standard.StandardWebSocketHandlerAdapter.onClose(StandardWebSocketHandlerAdapter.java:144)
	at org.apache.tomcat.websocket.WsSession.fireEndpointOnClose(WsSession.java:662)
	at org.apache.tomcat.websocket.WsSession.doClose(WsSession.java:588)
	at org.apache.tomcat.websocket.WsSession.doClose(WsSession.java:554)
	at org.apache.tomcat.websocket.WsSession.close(WsSession.java:542)
	at org.springframework.web.socket.adapter.standard.StandardWebSocketSession.closeInternal(StandardWebSocketSession.java:235)
	at org.springframework.web.socket.adapter.AbstractWebSocketSession.close(AbstractWebSocketSession.java:144)
	at org.springframework.web.socket.handler.WebSocketSessionDecorator.close(WebSocketSessionDecorator.java:160)
	at org.springframework.web.socket.handler.ConcurrentWebSocketSessionDecorator.close(ConcurrentWebSocketSessionDecorator.java:271)
	at org.springframework.web.socket.messaging.SubProtocolWebSocketHandler.stop(SubProtocolWebSocketHandler.java:289)
	at org.springframework.web.socket.messaging.SubProtocolWebSocketHandler.stop(SubProtocolWebSocketHandler.java:302)
	at org.springframework.context.support.DefaultLifecycleProcessor.doStop(DefaultLifecycleProcessor.java:344)
	at org.springframework.context.support.DefaultLifecycleProcessor$LifecycleGroup.stop(DefaultLifecycleProcessor.java:483)
	at java.base/java.lang.Iterable.forEach(Iterable.java:75)
	at org.springframework.context.support.DefaultLifecycleProcessor.stopBeans(DefaultLifecycleProcessor.java:313)
	at org.springframework.context.support.DefaultLifecycleProcessor.onClose(DefaultLifecycleProcessor.java:214)
	at org.springframework.context.support.AbstractApplicationContext.doClose(AbstractApplicationContext.java:1137)
	at org.springframework.boot.web.servlet.context.ServletWebServerApplicationContext.doClose(ServletWebServerApplicationContext.java:174)
	at org.springframework.context.support.AbstractApplicationContext.close(AbstractApplicationContext.java:1091)
	at org.springframework.boot.devtools.restart.Restarter.stop(Restarter.java:308)
	at org.springframework.boot.devtools.restart.Restarter.lambda$restart$1(Restarter.java:250)
	at org.springframework.boot.devtools.restart.Restarter$LeakSafeThread.run(Restarter.java:607)
Caused by: org.springframework.core.task.TaskRejectedException: ExecutorService in shutdown state did not accept task: org.springframework.messaging.support.ExecutorSubscribableChannel$SendTask@14ed7823
	at org.springframework.scheduling.concurrent.ThreadPoolTaskExecutor.execute(ThreadPoolTaskExecutor.java:365)
	at org.springframework.messaging.support.ExecutorSubscribableChannel.sendInternal(ExecutorSubscribableChannel.java:103)
	at org.springframework.messaging.support.AbstractMessageChannel.send(AbstractMessageChannel.java:139)
	... 29 common frames omitted
Caused by: java.util.concurrent.RejectedExecutionException: Task org.springframework.messaging.support.ExecutorSubscribableChannel$SendTask@14ed7823 rejected from org.springframework.scheduling.concurrent.ThreadPoolTaskExecutor$1@7f11ffbb[Terminated, pool size = 0, active threads = 0, queued tasks = 0, completed tasks = 9]
	at java.base/java.util.concurrent.ThreadPoolExecutor$AbortPolicy.rejectedExecution(ThreadPoolExecutor.java:2081)
	at java.base/java.util.concurrent.ThreadPoolExecutor.reject(ThreadPoolExecutor.java:841)
	at java.base/java.util.concurrent.ThreadPoolExecutor.execute(ThreadPoolExecutor.java:1376)
	at org.springframework.scheduling.concurrent.ThreadPoolTaskExecutor$1.execute(ThreadPoolTaskExecutor.java:269)
	at org.springframework.scheduling.concurrent.ThreadPoolTaskExecutor.execute(ThreadPoolTaskExecutor.java:362)
	... 31 common frames omitted

2026-02-09 19:51:51.892  INFO 57242 --- [Thread-17] o.s.m.s.b.SimpleBrokerMessageHandler     : Stopping...
2026-02-09 19:51:51.892  INFO 57242 --- [Thread-17] o.s.m.s.b.SimpleBrokerMessageHandler     : BrokerAvailabilityEvent[available=false, SimpleBrokerMessageHandler [org.springframework.messaging.simp.broker.DefaultSubscriptionRegistry@3e47a4af]]
2026-02-09 19:51:51.893  INFO 57242 --- [Thread-17] o.s.m.s.b.SimpleBrokerMessageHandler     : Stopped.
2026-02-09 19:51:51.968  INFO 57242 --- [restartedMain] com.meomulm.MeomulmBackendApplication    : Starting MeomulmBackendApplication using Java 21.0.8 with PID 57242 (/Users/svv/Downloads/full_stack/TeamProject/momum/meomulm-backend/build/classes/java/main started by svv in /Users/svv/Downloads/full_stack/TeamProject/momum/meomulm-backend)
2026-02-09 19:51:51.968  INFO 57242 --- [restartedMain] com.meomulm.MeomulmBackendApplication    : No active profile set, falling back to 1 default profile: "default"
2026-02-09 19:51:52.175  INFO 57242 --- [restartedMain] o.s.b.w.embedded.tomcat.TomcatWebServer  : Tomcat initialized with port 8080 (http)
2026-02-09 19:51:52.176  INFO 57242 --- [restartedMain] o.apache.catalina.core.StandardService   : Starting service [Tomcat]
2026-02-09 19:51:52.176  INFO 57242 --- [restartedMain] o.apache.catalina.core.StandardEngine    : Starting Servlet engine: [Apache Tomcat/10.1.17]
2026-02-09 19:51:52.180  INFO 57242 --- [restartedMain] o.a.c.c.C.[Tomcat].[localhost].[/]       : Initializing Spring embedded WebApplicationContext
2026-02-09 19:51:52.180  INFO 57242 --- [restartedMain] w.s.c.ServletWebServerApplicationContext : Root WebApplicationContext: initialization completed in 211 ms
2026-02-09 19:51:52.355  WARN 57242 --- [restartedMain] .s.s.UserDetailsServiceAutoConfiguration : 

Using generated security password: 835315c3-45f0-4fd6-be3f-34ba9fb11873

This generated password is for development use only. Your security configuration must be updated before running your application in production.

2026-02-09 19:51:52.439  INFO 57242 --- [restartedMain] o.s.s.web.DefaultSecurityFilterChain     : Will secure any request with [org.springframework.security.web.session.DisableEncodeUrlFilter@4ed8decb, org.springframework.security.web.context.request.async.WebAsyncManagerIntegrationFilter@6723337f, org.springframework.security.web.context.SecurityContextHolderFilter@7a5bc63e, org.springframework.security.web.header.HeaderWriterFilter@73a5cc19, org.springframework.web.filter.CorsFilter@2f4c55cc, org.springframework.security.web.authentication.logout.LogoutFilter@2aa06e49, com.meomulm.common.config.JwtAuthenticationFilter@d6f2a4e, org.springframework.security.web.savedrequest.RequestCacheAwareFilter@7e4813a4, org.springframework.security.web.servletapi.SecurityContextHolderAwareRequestFilter@2350cd70, org.springframework.security.web.authentication.AnonymousAuthenticationFilter@31ced592, org.springframework.security.web.session.SessionManagementFilter@4d9c01ef, org.springframework.security.web.access.ExceptionTranslationFilter@59fbad9c, org.springframework.security.web.access.intercept.AuthorizationFilter@3155e92e]
2026-02-09 19:51:52.565  INFO 57242 --- [restartedMain] o.s.b.d.a.OptionalLiveReloadServer       : LiveReload server is running on port 35729
2026-02-09 19:51:52.572  INFO 57242 --- [restartedMain] o.s.b.w.embedded.tomcat.TomcatWebServer  : Tomcat started on port 8080 (http) with context path ''
2026-02-09 19:51:52.572  INFO 57242 --- [restartedMain] o.s.m.s.b.SimpleBrokerMessageHandler     : Starting...
2026-02-09 19:51:52.572  INFO 57242 --- [restartedMain] o.s.m.s.b.SimpleBrokerMessageHandler     : BrokerAvailabilityEvent[available=true, SimpleBrokerMessageHandler [org.springframework.messaging.simp.broker.DefaultSubscriptionRegistry@721e392b]]
2026-02-09 19:51:52.572  INFO 57242 --- [restartedMain] o.s.m.s.b.SimpleBrokerMessageHandler     : Started.
2026-02-09 19:51:52.574  INFO 57242 --- [restartedMain] com.meomulm.MeomulmBackendApplication    : Started MeomulmBackendApplication in 0.619 seconds (process running for 1032.859)
2026-02-09 19:51:52.574  INFO 57242 --- [restartedMain] .ConditionEvaluationDeltaLoggingListener : Condition evaluation unchanged
2026-02-09 19:51:54.946  INFO 57242 --- [http-nio-0.0.0.0-8080-exec-1] o.a.c.c.C.[Tomcat].[localhost].[/]       : Initializing Spring DispatcherServlet 'dispatcherServlet'
2026-02-09 19:51:54.947  INFO 57242 --- [http-nio-0.0.0.0-8080-exec-1] o.s.web.servlet.DispatcherServlet        : Initializing Servlet 'dispatcherServlet'
2026-02-09 19:51:54.949  INFO 57242 --- [http-nio-0.0.0.0-8080-exec-1] o.s.web.servlet.DispatcherServlet        : Completed initialization in 2 ms
2026-02-09 19:51:54.960  INFO 57242 --- [http-nio-0.0.0.0-8080-exec-2] com.meomulm.common.config.WebSocket      : 새로운 STOMP 연결 시도 발견!
2026-02-09 19:52:52.583  INFO 57242 --- [MessageBroker-1] o.s.w.s.c.WebSocketMessageBrokerStats    : WebSocketSession[1 current WS(1)-HttpStream(0)-HttpPoll(0), 1 total, 0 closed abnormally (0 connect failure, 0 send limit, 0 transport error)], stompSubProtocol[processed CONNECT(1)-CONNECTED(1)-DISCONNECT(0)], stompBrokerRelay[null], inboundChannel[pool size = 9, active threads = 0, queued tasks = 0, completed tasks = 9], outboundChannel[pool size = 1, active threads = 0, queued tasks = 0, completed tasks = 1], sockJsScheduler[pool size = 4, active threads = 1, queued tasks = 3, completed tasks = 0]
2026-02-09 20:06:18.264  WARN 57242 --- [SpringApplicationShutdownHook] w.s.h.ExceptionWebSocketHandlerDecorator : Unhandled exception after connection closed for ExceptionWebSocketHandlerDecorator [delegate=LoggingWebSocketHandlerDecorator [delegate=SubProtocolWebSocketHandler[StompSubProtocolHandler[v10.stomp, v11.stomp, v12.stomp]]]]

org.springframework.messaging.MessageDeliveryException: Failed to send message to ExecutorSubscribableChannel[clientInboundChannel]
	at org.springframework.messaging.support.AbstractMessageChannel.send(AbstractMessageChannel.java:149)
	at org.springframework.messaging.support.AbstractMessageChannel.send(AbstractMessageChannel.java:125)
	at org.springframework.web.socket.messaging.StompSubProtocolHandler.afterSessionEnded(StompSubProtocolHandler.java:685)
	at org.springframework.web.socket.messaging.SubProtocolWebSocketHandler.clearSession(SubProtocolWebSocketHandler.java:531)
	at org.springframework.web.socket.messaging.SubProtocolWebSocketHandler.afterConnectionClosed(SubProtocolWebSocketHandler.java:400)
	at org.springframework.web.socket.handler.WebSocketHandlerDecorator.afterConnectionClosed(WebSocketHandlerDecorator.java:85)
	at org.springframework.web.socket.handler.LoggingWebSocketHandlerDecorator.afterConnectionClosed(LoggingWebSocketHandlerDecorator.java:72)
	at org.springframework.web.socket.handler.ExceptionWebSocketHandlerDecorator.afterConnectionClosed(ExceptionWebSocketHandlerDecorator.java:78)
	at org.springframework.web.socket.adapter.standard.StandardWebSocketHandlerAdapter.onClose(StandardWebSocketHandlerAdapter.java:144)
	at org.apache.tomcat.websocket.WsSession.fireEndpointOnClose(WsSession.java:662)
	at org.apache.tomcat.websocket.WsSession.doClose(WsSession.java:588)
	at org.apache.tomcat.websocket.WsSession.doClose(WsSession.java:554)
	at org.apache.tomcat.websocket.WsSession.close(WsSession.java:542)
	at org.springframework.web.socket.adapter.standard.StandardWebSocketSession.closeInternal(StandardWebSocketSession.java:235)
	at org.springframework.web.socket.adapter.AbstractWebSocketSession.close(AbstractWebSocketSession.java:144)
	at org.springframework.web.socket.handler.WebSocketSessionDecorator.close(WebSocketSessionDecorator.java:160)
	at org.springframework.web.socket.handler.ConcurrentWebSocketSessionDecorator.close(ConcurrentWebSocketSessionDecorator.java:271)
	at org.springframework.web.socket.messaging.SubProtocolWebSocketHandler.stop(SubProtocolWebSocketHandler.java:289)
	at org.springframework.web.socket.messaging.SubProtocolWebSocketHandler.stop(SubProtocolWebSocketHandler.java:302)
	at org.springframework.context.support.DefaultLifecycleProcessor.doStop(DefaultLifecycleProcessor.java:344)
	at org.springframework.context.support.DefaultLifecycleProcessor$LifecycleGroup.stop(DefaultLifecycleProcessor.java:483)
	at java.base/java.lang.Iterable.forEach(Iterable.java:75)
	at org.springframework.context.support.DefaultLifecycleProcessor.stopBeans(DefaultLifecycleProcessor.java:313)
	at org.springframework.context.support.DefaultLifecycleProcessor.onClose(DefaultLifecycleProcessor.java:214)
	at org.springframework.context.support.AbstractApplicationContext.doClose(AbstractApplicationContext.java:1137)
	at org.springframework.boot.web.servlet.context.ServletWebServerApplicationContext.doClose(ServletWebServerApplicationContext.java:174)
	at org.springframework.context.support.AbstractApplicationContext.close(AbstractApplicationContext.java:1091)
	at org.springframework.boot.SpringApplicationShutdownHook.closeAndWait(SpringApplicationShutdownHook.java:145)
	at java.base/java.lang.Iterable.forEach(Iterable.java:75)
	at org.springframework.boot.SpringApplicationShutdownHook.run(SpringApplicationShutdownHook.java:114)
	at java.base/java.lang.Thread.run(Thread.java:1583)
Caused by: org.springframework.core.task.TaskRejectedException: ExecutorService in shutdown state did not accept task: org.springframework.messaging.support.ExecutorSubscribableChannel$SendTask@86d858b
	at org.springframework.scheduling.concurrent.ThreadPoolTaskExecutor.execute(ThreadPoolTaskExecutor.java:365)
	at org.springframework.messaging.support.ExecutorSubscribableChannel.sendInternal(ExecutorSubscribableChannel.java:103)
	at org.springframework.messaging.support.AbstractMessageChannel.send(AbstractMessageChannel.java:139)
	... 30 common frames omitted
Caused by: java.util.concurrent.RejectedExecutionException: Task org.springframework.messaging.support.ExecutorSubscribableChannel$SendTask@86d858b rejected from org.springframework.scheduling.concurrent.ThreadPoolTaskExecutor$1@e47844d[Terminated, pool size = 0, active threads = 0, queued tasks = 0, completed tasks = 9]
	at java.base/java.util.concurrent.ThreadPoolExecutor$AbortPolicy.rejectedExecution(ThreadPoolExecutor.java:2081)
	at java.base/java.util.concurrent.ThreadPoolExecutor.reject(ThreadPoolExecutor.java:841)
	at java.base/java.util.concurrent.ThreadPoolExecutor.execute(ThreadPoolExecutor.java:1376)
	at org.springframework.scheduling.concurrent.ThreadPoolTaskExecutor$1.execute(ThreadPoolTaskExecutor.java:269)
	at org.springframework.scheduling.concurrent.ThreadPoolTaskExecutor.execute(ThreadPoolTaskExecutor.java:362)
	... 32 common frames omitted

2026-02-09 20:06:18.268  INFO 57242 --- [SpringApplicationShutdownHook] o.s.m.s.b.SimpleBrokerMessageHandler     : Stopping...
2026-02-09 20:06:18.269  INFO 57242 --- [SpringApplicationShutdownHook] o.s.m.s.b.SimpleBrokerMessageHandler     : BrokerAvailabilityEvent[available=false, SimpleBrokerMessageHandler [org.springframework.messaging.simp.broker.DefaultSubscriptionRegistry@721e392b]]
2026-02-09 20:06:18.269  INFO 57242 --- [SpringApplicationShutdownHook] o.s.m.s.b.SimpleBrokerMessageHandler     : Stopped.
2026-02-09 20:06:20.240  INFO 58841 --- [restartedMain] com.meomulm.MeomulmBackendApplication    : Starting MeomulmBackendApplication using Java 21.0.8 with PID 58841 (/Users/svv/Downloads/full_stack/TeamProject/momum/meomulm-backend/build/classes/java/main started by svv in /Users/svv/Downloads/full_stack/TeamProject/momum/meomulm-backend)
2026-02-09 20:06:20.241  INFO 58841 --- [restartedMain] com.meomulm.MeomulmBackendApplication    : No active profile set, falling back to 1 default profile: "default"
2026-02-09 20:06:20.266  INFO 58841 --- [restartedMain] .e.DevToolsPropertyDefaultsPostProcessor : Devtools property defaults active! Set 'spring.devtools.add-properties' to 'false' to disable
2026-02-09 20:06:20.266  INFO 58841 --- [restartedMain] .e.DevToolsPropertyDefaultsPostProcessor : For additional web related logging consider setting the 'logging.level.web' property to 'DEBUG'
2026-02-09 20:06:20.932  INFO 58841 --- [restartedMain] o.s.b.w.embedded.tomcat.TomcatWebServer  : Tomcat initialized with port 8080 (http)
2026-02-09 20:06:20.938  INFO 58841 --- [restartedMain] o.apache.catalina.core.StandardService   : Starting service [Tomcat]
2026-02-09 20:06:20.938  INFO 58841 --- [restartedMain] o.apache.catalina.core.StandardEngine    : Starting Servlet engine: [Apache Tomcat/10.1.17]
2026-02-09 20:06:20.952  INFO 58841 --- [restartedMain] o.a.c.c.C.[Tomcat].[localhost].[/]       : Initializing Spring embedded WebApplicationContext
2026-02-09 20:06:20.952  INFO 58841 --- [restartedMain] w.s.c.ServletWebServerApplicationContext : Root WebApplicationContext: initialization completed in 686 ms
2026-02-09 20:06:21.307  WARN 58841 --- [restartedMain] .s.s.UserDetailsServiceAutoConfiguration : 

Using generated security password: fa8116c7-e903-4b80-8b38-c649394ed131

This generated password is for development use only. Your security configuration must be updated before running your application in production.

2026-02-09 20:06:21.481  INFO 58841 --- [restartedMain] o.s.s.web.DefaultSecurityFilterChain     : Will secure any request with [org.springframework.security.web.session.DisableEncodeUrlFilter@f9dc441, org.springframework.security.web.context.request.async.WebAsyncManagerIntegrationFilter@3bc0ed17, org.springframework.security.web.context.SecurityContextHolderFilter@7b0336a5, org.springframework.security.web.header.HeaderWriterFilter@3a6f0eee, org.springframework.web.filter.CorsFilter@12b4b404, org.springframework.security.web.authentication.logout.LogoutFilter@27af67fd, com.meomulm.common.config.JwtAuthenticationFilter@74f3fab9, org.springframework.security.web.savedrequest.RequestCacheAwareFilter@2c7ac176, org.springframework.security.web.servletapi.SecurityContextHolderAwareRequestFilter@75b79f46, org.springframework.security.web.authentication.AnonymousAuthenticationFilter@676946db, org.springframework.security.web.session.SessionManagementFilter@7accbbae, org.springframework.security.web.access.ExceptionTranslationFilter@6b4b655b, org.springframework.security.web.access.intercept.AuthorizationFilter@1b464368]
2026-02-09 20:06:21.675  INFO 58841 --- [restartedMain] o.s.b.d.a.OptionalLiveReloadServer       : LiveReload server is running on port 35729
2026-02-09 20:06:21.694  INFO 58841 --- [restartedMain] o.s.b.w.embedded.tomcat.TomcatWebServer  : Tomcat started on port 8080 (http) with context path ''
2026-02-09 20:06:21.695  INFO 58841 --- [restartedMain] o.s.m.s.b.SimpleBrokerMessageHandler     : Starting...
2026-02-09 20:06:21.695  INFO 58841 --- [restartedMain] o.s.m.s.b.SimpleBrokerMessageHandler     : BrokerAvailabilityEvent[available=true, SimpleBrokerMessageHandler [org.springframework.messaging.simp.broker.DefaultSubscriptionRegistry@635600ea]]
2026-02-09 20:06:21.695  INFO 58841 --- [restartedMain] o.s.m.s.b.SimpleBrokerMessageHandler     : Started.
2026-02-09 20:06:21.701  INFO 58841 --- [restartedMain] com.meomulm.MeomulmBackendApplication    : Started MeomulmBackendApplication in 1.685 seconds (process running for 2.056)
2026-02-09 20:06:24.362  INFO 58841 --- [http-nio-0.0.0.0-8080-exec-1] o.a.c.c.C.[Tomcat].[localhost].[/]       : Initializing Spring DispatcherServlet 'dispatcherServlet'
2026-02-09 20:06:24.363  INFO 58841 --- [http-nio-0.0.0.0-8080-exec-1] o.s.web.servlet.DispatcherServlet        : Initializing Servlet 'dispatcherServlet'
2026-02-09 20:06:24.364  INFO 58841 --- [http-nio-0.0.0.0-8080-exec-1] o.s.web.servlet.DispatcherServlet        : Completed initialization in 1 ms
2026-02-09 20:06:24.398  INFO 58841 --- [http-nio-0.0.0.0-8080-exec-2] com.meomulm.common.config.WebSocket      : 새로운 STOMP 연결 시도 발견!
2026-02-09 20:07:21.704  INFO 58841 --- [MessageBroker-1] o.s.w.s.c.WebSocketMessageBrokerStats    : WebSocketSession[1 current WS(1)-HttpStream(0)-HttpPoll(0), 1 total, 0 closed abnormally (0 connect failure, 0 send limit, 0 transport error)], stompSubProtocol[processed CONNECT(1)-CONNECTED(1)-DISCONNECT(0)], stompBrokerRelay[null], inboundChannel[pool size = 9, active threads = 0, queued tasks = 0, completed tasks = 9], outboundChannel[pool size = 1, active threads = 0, queued tasks = 0, completed tasks = 1], sockJsScheduler[pool size = 4, active threads = 1, queued tasks = 3, completed tasks = 0]
